pdbid,taxid,moletunnel,comments,uL22,uL4,constrictionResidueL4_id,constrictionResidueL22_id,constrictionResidueL22_resname,constrictionResidueL4_resname,constriction_coord,PTC_average
5AFI,562.0,4.0,,ARG,ASP,64.0,92.0,ARG,GLY,"182.8000030517578,192.32000732421875,141.39999389648438","190.78627,173.79015,154.98657"
3J9Y,562.0,0.0,,S,E,64.0,92.0,ARG,GLY,"179.74000549316406,226.1699981689453,192.33999633789062","179.16429,209.29915,209.86"
3J9Z,562.0,0.0,,LQ,L6,61.0,91.0,GLY,ARG,"235.3800048828125,176.5500030517578,186.1199951171875","209.95015,175.33174,165.11914"
3JA1,562.0,0.0,,LU,LF,62.0,90.0,LYS,GLN,"234.72000122070312,178.36000061035156,184.52000427246094","213.45715,176.20114,165.08171"
3JCJ,562.0,0.0,,R,D,61.0,92.0,ARG,ARG,"169.89999389648438,222.47999572753906,190.08999633789062","169.33171,204.06972,207.25487"
4UY8,562.0,0.0,,S,E,66.0,92.0,ARG,GLY,"-15.640000343322754,38.150001525878906,6.090000152587891","-13.223429,19.228714,21.648573"
5GAD,562.0,0.0,,T,E,65.0,92.0,ARG,THR,"241.92999267578125,239.47000122070312,232.75999450683594","219.747,237.48158,246.49173"
5GAE,562.0,0.0,,T,E,65.0,92.0,ARG,THR,"255.86000061035156,239.67999267578125,231.72999572753906","233.4773,238.69841,245.39857"
5GAG,562.0,0.0,,T,E,65.0,92.0,ARG,THR,"241.99000549316406,238.92999267578125,232.13999938964844","219.89613,236.92271,246.13986"
5GAH,562.0,0.0,,T,E,65.0,92.0,ARG,THR,"249.3699951171875,225.72000122070312,221.1699981689453","227.34358,225.02542,235.26428"
5JTE,562.0,0.0,,BS,BE,64.0,92.0,ARG,GLY,"182.17999267578125,227.10000610351562,194.86000061035156","181.12929,210.72273,211.74928"
5JU8,562.0,0.0,,BS,BE,64.0,92.0,ARG,GLY,"182.1999969482422,227.07000732421875,194.8800048828125","181.05043,210.62357,211.78929"
5L3P,562.0,0.0,,W,F,61.0,90.0,LYS,ARG,"187.32000732421875,242.55999755859375,196.58999633789062","185.73184,224.66573,219.43913"
5LZA,562.0,0.0,,S,E,64.0,92.0,ARG,GLY,"182.11000061035156,189.9499969482422,139.7899932861328","190.75557,171.4667,153.52658"
5LZD,562.0,0.0,,S,E,64.0,92.0,ARG,GLY,"182.08999633789062,192.1699981689453,138.44000244140625","190.43327,173.87112,152.12587"
5LZE,562.0,0.0,,S,E,64.0,92.0,ARG,GLY,"183.07000732421875,190.41000366210938,140.69000244140625","191.37473,171.27759,154.48013"
5MDV,562.0,0.0,,S,D,65.0,92.0,ARG,THR,"211.33999633789062,160.75999450683594,210.3000030517578","230.84671,180.50558,203.89"
5MDW,562.0,0.0,,S,D,61.0,90.0,LYS,ARG,"207.89999389648438,164.6699981689453,212.0500030517578","230.82616,180.30672,203.94313"
5MDZ,562.0,0.0,,S,D,65.0,92.0,ARG,THR,"211.11000061035156,160.82000732421875,210.3699951171875","230.82787,180.26587,203.955"
5MGP,562.0,0.0,,S,E,61.0,92.0,ARG,ARG,"179.63999938964844,225.75999450683594,189.55999755859375","179.04814,209.67686,209.58586"
5U9F,562.0,0.0,,21,06,66.0,92.0,ARG,GLY,"250.9199981689453,193.89999389648438,202.08999633789062","235.75586,206.25972,185.36914"
5U9G,562.0,0.0,,21,06,66.0,92.0,ARG,GLY,"250.8000030517578,192.8000030517578,201.97999572753906","235.66573,205.96558,185.37143"
5WDT,562.0,0.0,,S,E,67.0,95.0,ARG,ARG,"237.8699951171875,177.4199981689453,193.7100067138672","206.46562,199.99962,177.34976"
5WE4,562.0,0.0,,S,E,67.0,92.0,ARG,ARG,"232.39999389648438,183.0399932861328,193.7100067138672","207.06711,198.49937,175.64099"
5WE6,562.0,0.0,,S,E,64.0,92.0,ARG,GLY,"224.8000030517578,181.67999267578125,187.41000366210938","206.75955,181.5127,170.86215"
5WF0,562.0,0.0,,S,E,65.0,92.0,ARG,THR,"227.67999267578125,182.61000061035156,193.33999633789062","208.50987,184.0913,174.39714"
5WFS,562.0,0.0,,S,E,67.0,95.0,ARG,ARG,"237.1999969482422,176.25999450683594,192.97000122070312","199.86089,187.194,179.64761"
6B4V,562.0,0.0,,"T,XB","G,KB",72.0,92.0,ARG,ARG,"68.4000015258789,-71.63999938964844,-18.719999313354492","135.49971,-84.846924,-71.1105"
6BOH,562.0,0.0,,"T,YB","G,LB",70.0,92.0,ARG,THR,"66.55999755859375,-66.12999725341797,-15.779999732971191","133.02744,-84.286575,-69.86565"
6BOK,562.0,0.0,,"T,WB","G,JB",70.0,92.0,ARG,THR,"67.66999816894531,-67.22000122070312,-16.34000015258789","134.4415,-84.3952,-70.02186"
6C4I,562.0,0.0,,T,E,65.0,92.0,ARG,THR,"242.86000061035156,183.6699981689453,220.1699981689453","231.98328,204.34787,204.67613"
6DNC,562.0,0.0,,W,H,64.0,92.0,ARG,GLY,"274.45001220703125,221.02000427246094,229.83999633789062","263.51172,233.866,212.70229"
6ENF,562.0,0.0,,S,E,64.0,92.0,ARG,GLY,"180.47000122070312,238.3000030517578,197.5399932861328","180.49643,222.03728,215.37413"
6ENJ,562.0,0.0,,S,E,64.0,92.0,ARG,GLY,"180.4199981689453,238.33999633789062,197.42999267578125","180.46315,222.21274,215.25244"
6ENU,562.0,0.0,,S,E,61.0,92.0,ARG,ARG,"180.9199981689453,238.27000427246094,195.39999389648438","180.37686,222.09099,215.27986"
6GC0,562.0,0.0,,S,E,61.0,92.0,ARG,ARG,"179.97999572753906,177.7100067138672,164.47000122070312","177.86,173.957,190.839"
6GWT,562.0,0.0,,S,E,64.0,92.0,ARG,GLY,"175.3000030517578,232.52000427246094,193.6699981689453","176.33142,215.76216,211.19702"
6GXM,562.0,0.0,,S,E,64.0,92.0,ARG,GLY,"175.3000030517578,232.5,193.72000122070312","176.32799,215.75928,211.30386"
6GXN,562.0,0.0,,S,E,64.0,92.0,ARG,GLY,"175.39999389648438,232.4600067138672,193.69000244140625","176.293,215.77628,211.183"
6GXO,562.0,0.0,,S,E,64.0,92.0,ARG,GLY,"175.27999877929688,232.3699951171875,193.6699981689453","176.31386,215.761,211.23286"
6HRM,562.0,0.0,,S,D,65.0,92.0,ARG,THR,"192.16000366210938,148.9600067138672,195.02999877929688","238.63872,143.34415,160.40128"
6I0Y,562.0,0.0,,S,E,66.0,92.0,ARG,GLY,"180.05999755859375,240.74000549316406,199.6999969482422","181.75745,223.182,217.22359"
6I7V,562.0,0.0,,"CT,DT","CE,DE",61.0,92.0,ARG,ARG,"-25.290000915527344,126.94999694824219,173.3699951171875","-64.55701,27.920938,75.61369"
6O9J,562.0,0.0,,S,E,65.0,92.0,ARG,THR,"200.19000244140625,192.82000732421875,177.74000549316406","220.33841,193.74744,194.06357"
6OGF,562.0,0.0,,s,d,61.0,92.0,ARG,ARG,"233.33999633789062,174.3699951171875,221.77000427246094","209.99158,172.9537,210.1753"
6OGI,562.0,0.0,,s,d,66.0,92.0,ARG,GLY,"230.41000366210938,171.64999389648438,219.9199981689453","208.85243,174.44984,208.84914"
6ORE,562.0,0.0,,S,D,65.0,92.0,ARG,THR,"307.2699890136719,209.72999572753906,234.52000427246094","290.59,208.15028,257.5267"
6ORL,562.0,0.0,,S,D,65.0,92.0,ARG,THR,"245.8699951171875,214.8300018310547,195.02000427246094","222.57571,224.58914,182.68501"
6OSK,562.0,0.0,,S,D,65.0,92.0,ARG,THR,"244.07000732421875,212.75999450683594,193.0399932861328","220.58328,222.47386,180.94556"
6OSQ,562.0,0.0,,S,D,65.0,92.0,ARG,THR,"248.2899932861328,214.25,195.58999633789062","224.67557,223.67857,183.49303"
6OT3,562.0,0.0,,S,D,65.0,92.0,ARG,THR,"248.38999938964844,214.8300018310547,195.1699981689453","224.87114,223.87888,182.99571"
6OTR,562.0,0.0,,"RW,YW","RF,YF",72.0,92.0,ARG,ARG,"-5.0,132.4600067138672,174.55999755859375","-63.96921,27.068357,88.839714"
6OUO,562.0,0.0,,S,D,65.0,92.0,ARG,THR,"299.54998779296875,261.3900146484375,245.77000427246094","276.7894,273.88486,235.33743"
6OXA,562.0,0.0,,"RW,YW","YF,RF",60.0,90.0,ARG,SER,"-37.41999816894531,29.389999389648438,102.87000274658203","-63.88407,27.188358,89.033714"
6OXI,562.0,0.0,,"RW,YW","RF,YF",70.0,92.0,ARG,THR,"-6.739999771118164,128.22000122070312,175.44000244140625","-64.33614,27.177855,89.35042"
6PJ6,562.0,0.0,,a,M,61.0,202.0,HOH,ARG,"218.00999450683594,217.3800048828125,229.6999969482422","212.80745,223.60757,201.89871"
6Q95,562.0,0.0,,S,D,72.0,92.0,ARG,ARG,"240.17999267578125,197.72999572753906,242.08999633789062","260.19843,221.03471,235.30327"
6Q97,562.0,0.0,,S,D,65.0,92.0,ARG,THR,"220.1999969482422,174.7100067138672,216.2899932861328","238.55685,194.45671,210.93713"
6Q9A,562.0,0.0,,S,D,66.0,92.0,ARG,GLY,"219.86000061035156,176.50999450683594,216.6999969482422","237.99414,195.39586,211.41858"
6S0K,562.0,0.0,,T,E,65.0,92.0,ARG,THR,"267.239990234375,239.13999938964844,225.63999938964844","247.13742,238.22757,241.27402"
6U48,562.0,0.0,,CT,CE,64.0,92.0,ARG,GLY,"134.52000427246094,95.12000274658203,116.76000213623047","112.238144,86.47856,112.047"
6VU3,562.0,0.0,,1,l,66.0,92.0,ARG,GLY,"216.08999633789062,232.36000061035156,239.58999633789062","241.34315,238.20082,229.53831"
6VWL,562.0,0.0,,Q,C,65.0,92.0,ARG,THR,"314.2099914550781,279.1099853515625,317.57000732421875","316.1096,300.31787,303.883"
6VWM,562.0,0.0,,Q,C,65.0,92.0,ARG,THR,"314.30999755859375,279.260009765625,319.489990234375","316.06387,300.4787,303.63412"
6VWN,562.0,0.0,,Q,C,65.0,92.0,ARG,THR,"314.489990234375,279.3900146484375,319.2099914550781","315.98584,300.535,303.5593"
6VYQ,562.0,0.0,,1,l,66.0,92.0,ARG,GLY,"216.52999877929688,232.05999755859375,237.0800018310547","242.00366,238.66118,228.11601"
6VYR,562.0,0.0,,1,l,66.0,92.0,ARG,GLY,"219.58999633789062,235.47000122070312,240.41000366210938","243.94633,244.99982,230.98181"
6VYS,562.0,0.0,,1,l,66.0,92.0,ARG,GLY,"219.4499969482422,233.19000244140625,239.3300018310547","245.11584,239.74916,230.89949"
6WD0,562.0,0.0,,s,d,65.0,92.0,ARG,THR,"231.0,179.25999450683594,186.3699951171875","211.08,180.52028,168.61644"
6WD1,562.0,0.0,,s,d,64.0,92.0,ARG,GLY,"229.32000732421875,180.22999572753906,184.60000610351562","210.97356,180.71057,168.71729"
6WD2,562.0,0.0,,s,d,64.0,92.0,ARG,GLY,"231.72999572753906,179.8800048828125,185.5500030517578","213.04785,179.13315,168.63"
6WD3,562.0,0.0,,s,d,64.0,92.0,ARG,GLY,"231.00999450683594,179.8300018310547,184.32000732421875","213.076,179.13614,168.58786"
6WD4,562.0,0.0,,s,d,67.0,92.0,ARG,ARG,"237.92999267578125,178.47000122070312,186.22000122070312","213.12215,179.04199,168.58313"
6WD5,562.0,0.0,,s,d,66.0,92.0,ARG,GLY,"233.85000610351562,177.64999389648438,182.6300048828125","213.03014,179.09842,168.51973"
6WD7,562.0,0.0,,s,d,64.0,92.0,ARG,GLY,"231.50999450683594,179.8300018310547,184.75999450683594","213.03726,179.11215,168.51686"
6WD8,562.0,0.0,,s,d,65.0,92.0,ARG,THR,"232.91000366210938,179.19000244140625,186.0399932861328","212.94243,179.261,168.46715"
6WD9,562.0,0.0,,s,d,64.0,92.0,ARG,GLY,"230.52999877929688,178.3800048828125,185.66000366210938","213.02173,179.33214,168.55571"
6WDA,562.0,0.0,,s,d,64.0,92.0,ARG,GLY,"231.25999450683594,179.1300048828125,184.82000732421875","212.95601,179.46614,168.598"
6WDD,562.0,0.0,,s,d,64.0,92.0,ARG,GLY,"231.92999267578125,179.6999969482422,184.36000061035156","214.36072,179.366,168.68314"
6WDE,562.0,0.0,,s,d,61.0,92.0,ARG,ARG,"234.38999938964844,179.99000549316406,187.2100067138672","215.49915,179.1913,168.53299"
6WDK,562.0,0.0,,s,d,64.0,92.0,ARG,GLY,"232.13999938964844,179.5399932861328,184.6999969482422","214.06685,179.084,168.51901"
6WDM,562.0,0.0,,s,d,66.0,92.0,ARG,GLY,"234.6999969482422,178.25999450683594,182.2100067138672","214.10286,179.03572,168.36958"
6WNT,562.0,0.0,,s,d,65.0,92.0,ARG,THR,"298.9100036621094,255.72000122070312,257.9700012207031","226.65527,199.39285,252.48071"
6WNV,562.0,0.0,,s,d,65.0,92.0,ARG,THR,"298.2900085449219,259.0199890136719,256.17999267578125","226.49641,199.54073,252.26414"
6WNW,562.0,0.0,,s,d,61.0,90.0,LYS,ARG,"298.67999267578125,257.94000244140625,262.0799865722656","226.34814,200.07443,252.39072"
6X7F,562.0,0.0,,1,l,66.0,92.0,ARG,GLY,"273.44000244140625,217.61000061035156,256.5899963378906","288.35385,240.24916,250.42168"
6X7K,562.0,0.0,,1,l,66.0,92.0,ARG,GLY,"273.3299865722656,217.24000549316406,257.6499938964844","288.19083,239.6855,250.70198"
6XDQ,562.0,0.0,,1,l,66.0,92.0,ARG,GLY,"270.7300109863281,220.0,257.19000244140625","286.251,242.17784,250.85535"
6YSR,562.0,0.0,,S,E,67.0,93.0,ALA,ARG,"183.77999877929688,210.55999755859375,142.6199951171875","195.91772,184.4103,158.88"
6YSS,562.0,0.0,,S,E,67.0,92.0,ARG,ARG,"183.11000061035156,207.5399932861328,143.41000366210938","195.94301,184.28227,158.58928"
6YST,562.0,0.0,,S,E,67.0,91.0,GLY,ARG,"177.85000610351562,210.0500030517578,144.8300018310547","194.197,185.74515,158.77243"
6YSU,562.0,0.0,,S,E,67.0,92.0,ARG,ARG,"194.25999450683594,212.2100067138672,151.7899932861328","203.03857,189.31587,166.42815"
3J7Z,83333.0,6,,S,E,64.0,92.0,ARG,GLY,"180.0800018310547,225.88999938964844,192.5800018310547","179.15286,209.99216,209.46945"
3JBU,83333.0,0.0,,s,e,66.0,92.0,ARG,GLY,"213.25999450683594,172.74000549316406,209.4600067138672","211.523,191.25198,191.34627"
3JBV,83333.0,0.0,,s,e,61.0,90.0,LYS,ARG,"212.16000366210938,172.42999267578125,217.02999877929688","211.72328,188.50928,191.94872"
3JCD,83333.0,0.0,,S,E,64.0,92.0,ARG,GLY,"245.7100067138672,224.55999755859375,220.00999450683594","240.64272,203.91429,210.51413"
3JCE,83333.0,0.0,,S,E,61.0,90.0,LYS,ARG,"245.30999755859375,231.27999877929688,224.27999877929688","241.93529,205.96228,212.09157"
4U1U,83333.0,0.0,,"BS,DS","BE,DE",61.0,92.0,ARG,ARG,"-58.52000045776367,-60.040000915527344,13.1899995803833","-64.19658,29.24829,85.75307"
4U1V,83333.0,0.0,,"BS,DS","BE,DE",61.0,92.0,ARG,ARG,"-57.779998779296875,-60.189998626708984,13.050000190734863","-64.16457,29.44843,84.03722"
4U20,83333.0,0.0,,"BS,DS","BE,DE",61.0,92.0,ARG,ARG,"-59.22999954223633,-59.529998779296875,12.40999984741211","-64.32322,29.327642,84.602066"
4U24,83333.0,0.0,,"BS,DS","BE,DE",61.0,92.0,ARG,ARG,"-57.58000183105469,-60.95000076293945,13.460000038146973","-63.824787,29.269072,83.78621"
4U25,83333.0,0.0,,"BS,DS","BE,DE",61.0,92.0,ARG,ARG,"-58.099998474121094,-60.540000915527344,13.239999771118164","-64.03779,29.281643,84.714066"
4U26,83333.0,0.0,,"BS,DS","BE,DE",61.0,92.0,ARG,ARG,"-57.72999954223633,-60.65999984741211,13.449999809265137","-64.275566,29.338713,84.18543"
4U27,83333.0,0.0,,"BS,DS","BE,DE",61.0,92.0,ARG,ARG,"-58.29999923706055,-60.43000030517578,13.130000114440918","-64.43593,29.335285,84.491005"
4WF1,83333.0,0.0,,"BS,DS","BE,DE",64.0,92.0,ARG,GLY,"-60.279998779296875,-61.56999969482422,12.100000381469727","-64.51786,29.610003,84.70435"
4WOI,83333.0,0.0,,"BS,CS","BE,CE",61.0,92.0,ARG,ARG,"-53.81999969482422,-61.4900016784668,13.579999923706055","-62.655853,29.279074,82.775"
4WWW,83333.0,0.0,,"RS,YS","RE,YE",64.0,92.0,ARG,GLY,"-60.459999084472656,-61.59000015258789,11.289999961853027","-64.02107,29.43043,83.839645"
4Y4O,83333.0,0.0,,"1W,2W","1F,2F",70.0,3104.0,HOH,THR,"62.34000015258789,-61.83000183105469,-20.110000610351562","123.872,-61.740234,-59.84247"
4YBB,83333.0,0.0,,"CT,DT","CE,DE",61.0,92.0,ARG,ARG,"-25.030000686645508,126.75,173.7100067138672","-66.6208,28.010933,77.148796"
5CZP,83333.0,0.0,,"YW,RW","YF,RF",70.0,92.0,ARG,THR,"-63.7599983215332,-67.08999633789062,15.649999618530273","-60.364437,28.34957,87.48242"
5DFE,83333.0,0.0,,"YW,RW","YF,RF",70.0,92.0,ARG,THR,"-63.599998474121094,-67.20999908447266,16.010000228881836","-60.295338,28.48254,87.76062"
5FDU,83333.0,0.0,,"1W,2W","1F,2F",70.0,92.0,ARG,THR,"62.0099983215332,-66.02999877929688,-16.799999237060547","134.48927,-86.127,-82.74254"
5FDV,83333.0,0.0,,"1W,2W","1F,2F",70.0,92.0,ARG,THR,"62.880001068115234,-66.95999908447266,-16.139999389648438","132.78152,-80.61173,-81.127464"
5H5U,83333.0,0.0,,T,E,65.0,92.0,ARG,THR,"250.5800018310547,226.08999633789062,210.0800018310547","244.93028,202.42258,199.80472"
5IQR,83333.0,0.0,,S,D,61.0,92.0,ARG,ARG,"293.0799865722656,298.739990234375,247.22000122070312","300.36356,280.42126,261.77985"
5IT8,83333.0,0.0,,"CT,DT","CE,DE",61.0,92.0,ARG,ARG,"-24.209999084472656,127.68000030517578,174.0399932861328","-64.433395,30.065002,77.33193"
5J4D,83333.0,0.0,,"T,YB","G,LB",70.0,92.0,ARG,THR,"68.2300033569336,-67.69999694824219,-16.399999618530273","135.06801,-85.09179,-70.643425"
5J5B,83333.0,0.0,,"CT,DT","CE,DE",61.0,92.0,ARG,ARG,"-24.31999969482422,127.43000030517578,174.52999877929688","-65.90107,30.487537,77.015396"
5J7L,83333.0,0.0,,"CT,DT","CE,DE",61.0,92.0,ARG,ARG,"-24.65999984741211,127.86000061035156,174.75","-61.616535,27.220537,73.16326"
5J88,83333.0,0.0,,"CT,DT","CE,DE",61.0,92.0,ARG,ARG,"-24.600000381469727,127.91999816894531,173.72000122070312","-66.37306,27.907131,77.29854"
5J8A,83333.0,0.0,,"CT,DT","CE,DE",61.0,92.0,ARG,ARG,"-24.6200008392334,127.8499984741211,174.27999877929688","-66.87473,27.77534,77.16441"
5J91,83333.0,0.0,,"CT,DT","CE,DE",61.0,92.0,ARG,ARG,"-24.270000457763672,127.45999908447266,174.4499969482422","-67.33573,29.302591,78.20881"
5JC9,83333.0,0.0,,"CT,DT","CE,DE",61.0,92.0,ARG,ARG,"-24.3799991607666,128.35000610351562,175.27999877929688","-63.292534,30.984858,76.762665"
5KCR,83333.0,0.0,,1W,1F,65.0,92.0,ARG,THR,"178.83999633789062,229.35000610351562,192.32000732421875","179.15942,209.1273,209.64201"
5KCS,83333.0,0.0,,1W,1F,61.0,90.0,LYS,ARG,"180.80999755859375,227.3699951171875,186.75999450683594","179.2546,209.40529,209.6597"
5KPS,83333.0,0.0,,S,D,61.0,92.0,ARG,ARG,"238.72000122070312,184.72999572753906,190.66000366210938","219.02328,183.30087,173.97658"
5KPW,83333.0,0.0,,R,C,61.0,90.0,LYS,ARG,"240.74000549316406,186.4600067138672,194.6999969482422","217.92714,183.36414,174.95071"
5KPX,83333.0,0.0,,R,C,65.0,92.0,ARG,THR,"237.44000244140625,183.7899932861328,188.52000427246094","218.63586,183.2833,174.20415"
5MDY,83333.0,0.0,,S,D,65.0,92.0,ARG,THR,"211.3800048828125,160.77000427246094,210.3000030517578","230.78174,180.38528,203.9156"
5NP6,83333.0,0.0,,q,c,64.0,92.0,ARG,GLY,"239.85000610351562,153.5800018310547,181.1199951171875","221.10315,153.23727,163.75314"
5NWY,83333.0,0.0,,f,R,66.0,92.0,ARG,GLY,"182.6699981689453,239.52999877929688,203.97000122070312","183.64772,220.577,221.609"
5O2R,83333.0,0.0,,S,E,64.0,92.0,ARG,GLY,"181.2899932861328,239.32000732421875,197.6199951171875","180.59184,222.92188,214.65257"
5U4I,83333.0,0.0,,T,E,67.0,95.0,ARG,ARG,"238.4499969482422,166.2899932861328,220.5800018310547","227.19016,196.43372,207.02528"
5UYK,83333.0,0.0,,21,06,65.0,92.0,ARG,THR,"241.47999572753906,185.52000427246094,191.66000366210938","221.47986,184.48172,174.99571"
5UYL,83333.0,0.0,,21,06,66.0,92.0,ARG,GLY,"240.89999389648438,184.49000549316406,190.25999450683594","221.56401,184.49728,174.93999"
5UYM,83333.0,0.0,,21,06,65.0,92.0,ARG,THR,"240.77999877929688,185.75999450683594,192.22999572753906","221.71529,184.78772,174.9677"
5UYP,83333.0,0.0,,21,06,66.0,92.0,ARG,GLY,"241.50999450683594,180.60000610351562,186.58999633789062","220.11256,182.0997,172.43416"
5UYQ,83333.0,0.0,,21,06,65.0,92.0,ARG,THR,"242.82000732421875,181.60000610351562,189.9499969482422","220.12143,182.43413,172.311"
5WFK,83333.0,0.0,,S,E,67.0,95.0,ARG,ARG,"238.63999938964844,176.94000244140625,191.16000366210938","206.85863,191.27261,177.96188"
6BU8,83333.0,0.0,,21,06,65.0,92.0,ARG,THR,"241.24000549316406,185.1999969482422,192.22999572753906","221.86014,184.77641,174.98756"
6BY1,83333.0,0.0,,"CS,DS","CE,DE",64.0,92.0,ARG,GLY,"-67.3499984741211,-61.7599983215332,15.819999694824219","-56.8719,33.221,54.9916"
6CFK,83333.0,0.0,,"1W,2W","1F,2F",463.0,95.0,ILE,HOH,"57.7400016784668,-75.31999969482422,-20.760000228881836","134.42578,-79.508286,-71.24857"
6FKR,83333.0,0.0,,"1W,2W","1F,2F",70.0,92.0,ARG,THR,"63.27000045776367,-66.62000274658203,-16.479999542236328","132.21138,-75.07669,-72.90756"
6GBZ,83333.0,0.0,,S,E,64.0,92.0,ARG,GLY,"179.72999572753906,176.72999572753906,165.1199951171875","177.027,173.819,186.92"
6GC8,83333.0,0.0,,S,E,64.0,92.0,ARG,GLY,"179.22000122070312,176.4600067138672,166.2899932861328","176.55957,161.03885,183.48071"
6OFX,83333.0,0.0,,s,d,66.0,92.0,ARG,GLY,"230.1999969482422,170.8699951171875,219.89999389648438","208.54744,174.3763,208.71986"
6OG7,83333.0,0.0,,s,d,66.0,92.0,ARG,GLY,"231.4499969482422,169.58999633789062,220.0500030517578","209.85214,172.65543,208.67972"
6SZS,83333.0,0.0,,S,E,67.0,95.0,ARG,ARG,"172.77000427246094,252.27999877929688,198.11000061035156","180.78627,223.51573,215.40028"
6WD6,83333.0,0.0,,s,d,64.0,92.0,ARG,GLY,"231.05999755859375,180.1699981689453,185.0","212.97945,179.15343,168.67528"
6WDF,83333.0,0.0,,s,d,66.0,92.0,ARG,GLY,"232.6199951171875,178.77000427246094,183.52999877929688","211.09985,180.52357,168.56972"
6WDG,83333.0,0.0,,s,d,64.0,92.0,ARG,GLY,"229.14999389648438,181.25999450683594,185.10000610351562","211.04573,180.52158,168.66443"
6WDJ,83333.0,0.0,,s,d,66.0,92.0,ARG,GLY,"234.7899932861328,177.0399932861328,182.67999267578125","213.95657,178.80357,168.46585"
6WDL,83333.0,0.0,,s,d,64.0,92.0,ARG,GLY,"232.13999938964844,179.7100067138672,184.1199951171875","214.20557,178.97586,168.40672"
6XZ7,83333.0,0.0,,S,E,65.0,92.0,ARG,THR,"223.83999633789062,234.8800048828125,262.2099914550781","240.83772,221.91542,247.16042"
6XZA,83333.0,0.0,,S2,E2,61.0,92.0,ARG,ARG,"221.30999755859375,234.3800048828125,259.489990234375","240.84872,221.89815,247.15244"
6XZB,83333.0,0.0,,S2,E2,61.0,92.0,ARG,ARG,"221.30999755859375,234.3800048828125,259.489990234375","240.83772,221.91542,247.16042"
6Y69,83333.0,0.0,,S,E,64.0,92.0,ARG,GLY,"186.6699981689453,242.91000366210938,202.52000427246094","185.4767,226.28072,219.77158"
7BV8,83333.0,0.0,,T,E,65.0,92.0,ARG,THR,"180.0500030517578,152.33999633789062,170.99000549316406","179.21841,171.70985,152.21657"
7JSS,83333.0,0.0,,s,d,66.0,92.0,ARG,GLY,"164.3699951171875,161.5399932861328,200.3800048828125","182.26442,167.10014,182.1783"
7JSW,83333.0,0.0,,s,d,66.0,92.0,ARG,GLY,"165.14999389648438,162.6699981689453,198.7100067138672","182.8777,166.963,181.33743"
7JSZ,83333.0,0.0,,s,d,65.0,92.0,ARG,THR,"162.3300018310547,163.32000732421875,200.42999267578125","182.23056,167.04715,182.07645"
7JT1,83333.0,0.0,,s,d,65.0,92.0,ARG,THR,"146.86000061035156,166.19000244140625,193.57000732421875","166.07486,163.30515,175.54257"
7JT2,83333.0,0.0,,s,d,65.0,92.0,ARG,THR,"147.05999755859375,165.16000366210938,194.32000732421875","167.00343,163.31956,175.44743"
7JT3,83333.0,0.0,,s,d,64.0,92.0,ARG,GLY,"152.5,167.9600067138672,193.1999969482422","168.31543,163.37614,174.68727"
