,Distance,Radius,X,Y,Z
405,0.0,8.055,219.09400000000002,188.445,193.28
404,0.03,7.86,219.368,188.407,193.449
403,0.06,7.6770000000000005,219.639,188.375,193.62099999999998
402,0.08900000000000001,7.52,219.903,188.359,193.799
401,0.115,7.403,220.158,188.36599999999999,193.986
400,0.14,7.334,220.398,188.403,194.185
399,0.161,7.3020000000000005,220.623,188.477,194.4
398,0.179,7.287000000000001,220.827,188.597,194.63299999999998
397,0.193,7.272,221.00799999999998,188.77,194.888
396,0.205,7.239,221.162,189.003,195.167
395,0.218,7.187,221.28599999999997,189.305,195.47400000000002
394,0.233,7.119,221.37900000000002,189.676,195.80900000000003
393,0.256,7.041,221.44299999999998,190.10299999999998,196.16400000000002
392,0.289,6.957000000000001,221.482,190.57,196.53
391,0.33399999999999996,6.879,221.50099999999998,191.06099999999998,196.898
390,0.39399999999999996,6.819,221.50400000000002,191.558,197.26
389,0.47100000000000003,6.792000000000001,221.49400000000003,192.046,197.605
388,0.568,6.811,221.475,192.50900000000001,197.925
387,0.687,6.8660000000000005,221.451,192.928,198.21099999999998
386,0.831,6.936,221.42700000000002,193.29,198.453
385,1.003,6.997999999999999,221.40599999999998,193.576,198.644
384,1.2009999999999998,7.029,221.391,193.77900000000002,198.778
383,1.421,7.028,221.382,193.90900000000002,198.863
382,1.659,7.01,221.377,193.977,198.90599999999998
381,1.9080000000000001,6.992999999999999,221.378,193.99400000000003,198.915
380,2.1630000000000003,6.99,221.38299999999998,193.972,198.898
379,2.419,7.007000000000001,221.392,193.921,198.862
378,2.67,7.032,221.405,193.854,198.81599999999997
377,2.9130000000000003,7.056,221.421,193.78099999999998,198.767
376,3.141,7.066,221.44,193.71400000000003,198.72299999999998
375,3.35,7.059,221.46099999999998,193.66299999999998,198.69099999999997
374,3.54,7.039,221.483,193.635,198.676
373,3.7119999999999997,7.013,221.505,193.625,198.674
372,3.87,6.985,221.525,193.63,198.68400000000003
371,4.015,6.962000000000001,221.54,193.646,198.702
370,4.149,6.946000000000001,221.55,193.668,198.726
369,4.273,6.941,221.551,193.69299999999998,198.75400000000002
368,4.3919999999999995,6.95,221.543,193.71599999999998,198.783
367,4.5089999999999995,6.973,221.523,193.734,198.81
366,4.632,6.994,221.49,193.74200000000002,198.833
365,4.768,6.999,221.442,193.737,198.84900000000002
364,4.921,6.972,221.382,193.718,198.858
363,5.087,6.9079999999999995,221.317,193.69299999999998,198.863
362,5.261,6.832999999999999,221.255,193.666,198.865
361,5.438,6.775,221.204,193.644,198.86700000000002
360,5.61,6.766,221.173,193.63099999999997,198.87099999999998
359,5.774,6.824,221.168,193.635,198.88099999999997
358,5.925,6.914,221.19799999999998,193.66,198.898
357,6.061,6.989,221.271,193.71200000000002,198.925
356,6.186,7.001,221.394,193.797,198.96400000000003
355,6.312,6.914,221.575,193.92,199.017
354,6.452999999999999,6.744,221.80900000000003,194.08,199.084
353,6.6129999999999995,6.525,222.085,194.27,199.162
352,6.789,6.292000000000001,222.391,194.482,199.247
351,6.976,6.0760000000000005,222.715,194.71,199.338
350,7.169,5.8870000000000005,223.045,194.946,199.43200000000002
349,7.359,5.726,223.368,195.183,199.525
348,7.539,5.593999999999999,223.672,195.415,199.614
347,7.702000000000001,5.4910000000000005,223.946,195.63400000000001,199.697
346,7.84,5.412999999999999,224.17700000000002,195.833,199.771
345,7.944,5.352,224.355,196.00599999999997,199.833
344,8.015,5.3020000000000005,224.48,196.15099999999998,199.88400000000001
343,8.058,5.255,224.56,196.271,199.924
342,8.075,5.211,224.601,196.36700000000002,199.955
341,8.079,5.175,224.611,196.44099999999997,199.979
340,8.099,5.149,224.59599999999998,196.495,199.99599999999998
339,8.131,5.138,224.565,196.53099999999998,200.00900000000001
338,8.172,5.14,224.524,196.551,200.018
337,8.218,5.15,224.48,196.55599999999998,200.025
336,8.264,5.164,224.44,196.549,200.03099999999998
335,8.307,5.175,224.412,196.53099999999998,200.03799999999998
334,8.345,5.182,224.396,196.507,200.045
333,8.376,5.187,224.393,196.48,200.053
332,8.398,5.189,224.40099999999998,196.454,200.06099999999998
331,8.41,5.19,224.422,196.433,200.06799999999998
330,8.412,5.19,224.455,196.422,200.075
329,8.424,5.186,224.5,196.425,200.082
328,8.452,5.172999999999999,224.55700000000002,196.445,200.08700000000002
327,8.496,5.148,224.625,196.487,200.09099999999998
326,8.558,5.109,224.705,196.555,200.093
325,8.639,5.055,224.795,196.65200000000002,200.09400000000002
324,8.736,4.987,224.896,196.775,200.09599999999998
323,8.845,4.905,225.00599999999997,196.922,200.10299999999998
322,8.962,4.812,225.122,197.088,200.11700000000002
321,9.083,4.716,225.245,197.27,200.142
320,9.205,4.628,225.373,197.465,200.18
319,9.323,4.558,225.503,197.67,200.236
318,9.434,4.5089999999999995,225.636,197.87900000000002,200.313
317,9.533,4.468999999999999,225.77,198.09099999999998,200.412
316,9.617,4.419,225.90200000000002,198.30200000000002,200.53900000000002
315,9.683,4.345,226.03400000000002,198.50799999999998,200.69299999999998
314,9.732999999999999,4.234,226.16299999999998,198.709,200.872
313,9.769,4.0969999999999995,226.29,198.905,201.07
312,9.792,3.951,226.416,199.093,201.28099999999998
311,9.806000000000001,3.8139999999999996,226.54,199.275,201.50099999999998
310,9.812000000000001,3.699,226.662,199.44799999999998,201.725
309,9.815,3.605,226.783,199.614,201.94799999999998
308,9.821,3.528,226.90200000000002,199.77,202.165
307,9.827,3.463,227.02,199.916,202.37
306,9.834,3.405,227.136,200.05200000000002,202.55900000000003
305,9.839,3.355,227.25,200.17700000000002,202.727
304,9.843,3.3169999999999997,227.36,200.292,202.877
303,9.847999999999999,3.2939999999999996,227.467,200.395,203.007
302,9.856,3.2889999999999997,227.567,200.486,203.118
301,9.869,3.299,227.65900000000002,200.567,203.21099999999998
300,9.886000000000001,3.319,227.74200000000002,200.636,203.287
299,9.911,3.342,227.815,200.69299999999998,203.345
298,9.942,3.364,227.875,200.738,203.387
297,9.982000000000001,3.3819999999999997,227.923,200.77200000000002,203.41299999999998
296,10.031,3.3960000000000004,227.955,200.793,203.424
295,10.089,3.408,227.97299999999998,200.804,203.421
294,10.155,3.417,227.979,200.80599999999998,203.40900000000002
293,10.228,3.425,227.976,200.80200000000002,203.392
292,10.305,3.43,227.968,200.794,203.37400000000002
291,10.385,3.432,227.958,200.78599999999997,203.358
290,10.468,3.4330000000000003,227.947,200.77900000000002,203.35
289,10.550999999999998,3.431,227.94099999999997,200.77700000000002,203.354
288,10.633,3.425,227.94099999999997,200.782,203.373
287,10.713,3.415,227.951,200.797,203.412
286,10.790999999999999,3.4,227.97299999999998,200.82299999999998,203.475
285,10.868,3.38,228.00900000000001,200.862,203.563
284,10.945,3.359,228.055,200.912,203.669
283,11.023,3.34,228.109,200.97,203.79
282,11.104000000000001,3.3280000000000003,228.169,201.03400000000002,203.921
281,11.187999999999999,3.323,228.232,201.10299999999998,204.05700000000002
280,11.277000000000001,3.324,228.294,201.174,204.19400000000002
279,11.370999999999999,3.3289999999999997,228.354,201.24400000000003,204.326
278,11.470999999999998,3.3360000000000003,228.41,201.313,204.449
277,11.581,3.344,228.457,201.377,204.55900000000003
276,11.700999999999999,3.35,228.495,201.435,204.65
275,11.83,3.352,228.52200000000002,201.486,204.722
274,11.966,3.3480000000000003,228.54,201.53099999999998,204.778
273,12.104000000000001,3.3360000000000003,228.551,201.56799999999998,204.82
272,12.241,3.319,228.55599999999998,201.59900000000002,204.851
271,12.373,3.301,228.55700000000002,201.62400000000002,204.87400000000002
270,12.497,3.284,228.55599999999998,201.643,204.891
269,12.609000000000002,3.27,228.554,201.65599999999998,204.905
268,12.71,3.26,228.553,201.66299999999998,204.918
267,12.8,3.253,228.554,201.66400000000002,204.93400000000003
266,12.886,3.2460000000000004,228.55900000000003,201.66099999999997,204.955
265,12.977,3.239,228.567,201.65200000000002,204.98
264,13.077,3.2310000000000003,228.578,201.641,205.007
263,13.185,3.225,228.59099999999998,201.627,205.03599999999997
262,13.299000000000001,3.22,228.605,201.613,205.06400000000002
261,13.414000000000001,3.216,228.61900000000003,201.59900000000002,205.09
260,13.527999999999999,3.215,228.632,201.58599999999998,205.111
259,13.635,3.215,228.643,201.576,205.127
258,13.731,3.218,228.65099999999998,201.56900000000002,205.13400000000001
257,13.812999999999999,3.2230000000000003,228.655,201.56799999999998,205.13299999999998
256,13.879000000000001,3.23,228.65400000000002,201.572,205.12
255,13.933,3.237,228.65099999999998,201.581,205.101
254,13.98,3.245,228.646,201.593,205.079
253,14.020999999999999,3.2510000000000003,228.642,201.606,205.06
252,14.055,3.2560000000000002,228.64,201.61700000000002,205.049
251,14.082,3.2569999999999997,228.643,201.62599999999998,205.051
250,14.112,3.2539999999999996,228.65400000000002,201.62900000000002,205.071
249,14.161,3.245,228.672,201.62599999999998,205.114
248,14.24,3.23,228.702,201.614,205.18400000000003
247,14.357999999999999,3.21,228.74400000000003,201.59099999999998,205.28799999999998
246,14.519,3.185,228.801,201.55599999999998,205.428
245,14.72,3.156,228.86900000000003,201.513,205.601
244,14.952,3.1260000000000003,228.945,201.465,205.799
243,15.207,3.1,229.02599999999998,201.418,206.017
242,15.478,3.083,229.109,201.375,206.24900000000002
241,15.755,3.0810000000000004,229.18900000000002,201.34099999999998,206.487
240,16.033,3.093,229.264,201.321,206.727
239,16.301,3.112,229.33,201.31799999999998,206.96099999999998
238,16.554000000000002,3.1310000000000002,229.38400000000001,201.33700000000002,207.183
237,16.782,3.139,229.422,201.38299999999998,207.387
236,16.98,3.135,229.442,201.457,207.56799999999998
235,17.148,3.1210000000000004,229.447,201.55599999999998,207.72799999999998
234,17.29,3.102,229.44099999999997,201.675,207.868
233,17.408,3.082,229.426,201.80700000000002,207.99
232,17.503,3.0660000000000003,229.40599999999998,201.949,208.097
231,17.579,3.054,229.385,202.093,208.19099999999997
230,17.637,3.048,229.36599999999999,202.236,208.273
229,17.68,3.05,229.35299999999998,202.37099999999998,208.347
228,17.71,3.0580000000000003,229.34900000000002,202.493,208.41299999999998
227,17.732,3.068,229.358,202.59799999999998,208.475
226,17.749000000000002,3.071,229.38099999999997,202.68099999999998,208.533
225,17.764,3.06,229.42,202.745,208.58900000000003
224,17.779,3.032,229.47299999999998,202.793,208.643
223,17.791,2.9939999999999998,229.54,202.828,208.696
222,17.799,2.957,229.622,202.85299999999998,208.748
221,17.801,2.932,229.717,202.87099999999998,208.8
220,17.81,2.925,229.825,202.88400000000001,208.85299999999998
219,17.831,2.9339999999999997,229.947,202.896,208.908
218,17.867,2.948,230.081,202.91,208.96400000000003
217,17.921,2.96,230.227,202.928,209.023
216,17.994,2.9610000000000003,230.385,202.952,209.085
215,18.083,2.9539999999999997,230.549,202.982,209.149
214,18.182000000000002,2.9419999999999997,230.717,203.015,209.21599999999998
213,18.288,2.932,230.885,203.05,209.285
212,18.398,2.928,231.05,203.08700000000002,209.357
211,18.508,2.929,231.206,203.125,209.43
210,18.613,2.9339999999999997,231.351,203.162,209.50400000000002
209,18.71,2.938,231.481,203.196,209.58
208,18.798,2.94,231.593,203.227,209.65599999999998
207,18.874000000000002,2.94,231.68200000000002,203.25400000000002,209.734
206,18.941,2.94,231.748,203.27700000000002,209.812
205,19.006,2.943,231.797,203.296,209.889
204,19.070999999999998,2.951,231.831,203.31400000000002,209.96400000000003
203,19.141,2.963,231.855,203.33,210.03599999999997
202,19.214000000000002,2.9739999999999998,231.873,203.34799999999998,210.105
201,19.292,2.98,231.89,203.36599999999999,210.169
200,19.377,2.9760000000000004,231.91,203.388,210.22799999999998
199,19.469,2.9619999999999997,231.938,203.415,210.28
198,19.574,2.9419999999999997,231.976,203.447,210.325
197,19.695,2.9189999999999996,232.03099999999998,203.485,210.362
196,19.834,2.898,232.1,203.53,210.39
195,19.989,2.88,232.18200000000002,203.58,210.41
194,20.156,2.867,232.27200000000002,203.632,210.425
193,20.332,2.86,232.36700000000002,203.68599999999998,210.433
192,20.515,2.858,232.463,203.74,210.437
191,20.7,2.862,232.55599999999998,203.791,210.437
190,20.884,2.867,232.643,203.838,210.435
189,21.064,2.8680000000000003,232.72099999999998,203.88,210.43099999999998
188,21.234,2.862,232.785,203.91400000000002,210.425
187,21.393,2.847,232.833,203.93900000000002,210.42
186,21.54,2.826,232.865,203.956,210.416
185,21.673000000000002,2.806,232.88299999999998,203.96599999999998,210.412
184,21.795,2.792,232.89,203.97099999999998,210.41
183,21.905,2.7880000000000003,232.888,203.97099999999998,210.41
182,22.005,2.7910000000000004,232.88,203.96900000000002,210.41099999999997
181,22.096999999999998,2.801,232.86900000000003,203.967,210.416
180,22.186999999999998,2.8139999999999996,232.857,203.965,210.424
179,22.28,2.8289999999999997,232.84599999999998,203.965,210.435
178,22.384,2.842,232.84,203.96900000000002,210.45
177,22.506,2.853,232.84,203.979,210.46900000000002
176,22.645,2.858,232.84799999999998,203.99599999999998,210.493
175,22.799,2.8560000000000003,232.865,204.023,210.52200000000002
174,22.965,2.847,232.89,204.06099999999998,210.558
173,23.139,2.8339999999999996,232.925,204.114,210.59900000000002
172,23.316999999999997,2.82,232.97,204.183,210.64700000000002
171,23.498,2.805,233.025,204.271,210.702
170,23.682,2.79,233.092,204.38,210.764
169,23.87,2.7769999999999997,233.17,204.511,210.835
168,24.066999999999997,2.764,233.261,204.668,210.91400000000002
167,24.279,2.753,233.364,204.852,211.002
166,24.508000000000003,2.747,233.477,205.05700000000002,211.097
165,24.750999999999998,2.7539999999999996,233.59599999999998,205.27599999999998,211.196
164,25.003,2.78,233.718,205.50400000000002,211.297
163,25.256999999999998,2.83,233.83900000000003,205.733,211.39700000000002
162,25.506999999999998,2.9,233.955,205.957,211.49400000000003
161,25.744,2.9789999999999996,234.063,206.17,211.585
160,25.962,3.053,234.15900000000002,206.363,211.669
159,26.151999999999997,3.113,234.24099999999999,206.532,211.74099999999999
158,26.307,3.155,234.303,206.668,211.801
157,26.421999999999997,3.1839999999999997,234.345,206.769,211.847
156,26.499000000000002,3.205,234.36700000000002,206.838,211.88
155,26.546,3.2239999999999998,234.372,206.88,211.90400000000002
154,26.569000000000003,3.241,234.363,206.90200000000002,211.922
153,26.578000000000003,3.255,234.342,206.90900000000002,211.937
152,26.594,3.264,234.312,206.90900000000002,211.952
151,26.616999999999997,3.264,234.275,206.905,211.97
150,26.642,3.255,234.235,206.905,211.995
149,26.664,3.24,234.19299999999998,206.91299999999998,212.028
148,26.677,3.221,234.15200000000002,206.937,212.074
147,26.680999999999997,3.2,234.114,206.979,212.13299999999998
146,26.694000000000003,3.182,234.082,207.035,212.204
145,26.715999999999998,3.17,234.05599999999998,207.10299999999998,212.283
144,26.744,3.17,234.03799999999998,207.176,212.36700000000002
143,26.776,3.1860000000000004,234.02900000000002,207.252,212.454
142,26.811,3.219,234.032,207.325,212.541
141,26.845,3.258,234.047,207.392,212.62400000000002
140,26.877,3.292,234.077,207.44799999999998,212.702
139,26.905,3.3089999999999997,234.122,207.489,212.77
138,26.926,3.301,234.18400000000003,207.51,212.826
137,26.941999999999997,3.275,234.263,207.511,212.86900000000003
136,26.956999999999997,3.242,234.357,207.49400000000003,212.9
135,26.976,3.21,234.46200000000002,207.46200000000002,212.921
134,27.002,3.1860000000000004,234.577,207.419,212.935
133,27.035,3.1719999999999997,234.699,207.368,212.94299999999998
132,27.08,3.1630000000000003,234.824,207.313,212.946
131,27.136999999999997,3.158,234.951,207.257,212.94799999999998
130,27.211,3.155,235.075,207.203,212.95
129,27.303,3.1519999999999997,235.196,207.155,212.953
128,27.416999999999998,3.1489999999999996,235.30900000000003,207.11700000000002,212.96
127,27.553,3.1460000000000004,235.41400000000002,207.088,212.97099999999998
126,27.704,3.142,235.512,207.06799999999998,212.986
125,27.866,3.138,235.60299999999998,207.055,213.003
124,28.031999999999996,3.136,235.69,207.047,213.02
123,28.197,3.136,235.77200000000002,207.042,213.03799999999998
122,28.355,3.141,235.851,207.03900000000002,213.055
121,28.499000000000002,3.147,235.928,207.035,213.06900000000002
120,28.625999999999998,3.153,236.003,207.02900000000002,213.081
119,28.728,3.156,236.079,207.02,213.08700000000002
118,28.8,3.154,236.15599999999998,207.00400000000002,213.08900000000003
117,28.843000000000004,3.147,236.233,206.983,213.085
116,28.863000000000003,3.14,236.31099999999998,206.957,213.076
115,28.87,3.138,236.387,206.928,213.06400000000002
114,28.885,3.1439999999999997,236.46200000000002,206.896,213.05
113,28.905,3.157,236.533,206.863,213.03400000000002
112,28.927,3.1719999999999997,236.601,206.829,213.017
111,28.945,3.1839999999999997,236.66400000000002,206.797,213.002
110,28.958000000000002,3.1860000000000004,236.72099999999998,206.766,212.987
109,28.979,3.178,236.771,206.739,212.976
108,29.02,3.165,236.81400000000002,206.71599999999998,212.968
107,29.083000000000002,3.1489999999999996,236.84900000000002,206.69799999999998,212.963
106,29.17,3.137,236.877,206.68400000000003,212.96200000000002
105,29.28,3.13,236.898,206.673,212.963
104,29.410999999999998,3.127,236.91400000000002,206.665,212.965
103,29.565,3.127,236.924,206.66,212.96900000000002
102,29.741,3.128,236.93,206.657,212.97400000000002
101,29.938000000000002,3.1310000000000002,236.93200000000002,206.65599999999998,212.97799999999998
100,30.156,3.135,236.93099999999998,206.655,212.982
99,30.395,3.138,236.92700000000002,206.655,212.985
98,30.655,3.142,236.921,206.65599999999998,212.987
97,30.933000000000003,3.1460000000000004,236.91400000000002,206.65599999999998,212.987
96,31.225,3.15,236.90900000000002,206.655,212.986
95,31.528000000000002,3.1519999999999997,236.907,206.65200000000002,212.985
94,31.836,3.153,236.91099999999997,206.64700000000002,212.985
93,32.148,3.1510000000000002,236.921,206.639,212.986
92,32.458,3.148,236.942,206.627,212.989
91,32.763000000000005,3.142,236.97299999999998,206.611,212.995
90,33.062,3.134,237.018,206.59099999999998,213.00400000000002
89,33.351,3.123,237.077,206.565,213.016
88,33.63,3.11,237.153,206.533,213.033
87,33.9,3.097,237.243,206.497,213.053
86,34.159,3.085,237.34400000000002,206.457,213.076
85,34.408,3.076,237.451,206.41400000000002,213.101
84,34.644,3.069,237.562,206.37099999999998,213.128
83,34.866,3.0639999999999996,237.672,206.328,213.15400000000002
82,35.069,3.063,237.778,206.287,213.18
81,35.251999999999995,3.065,237.877,206.248,213.205
80,35.412,3.069,237.965,206.21400000000003,213.22799999999998
79,35.544000000000004,3.074,238.03799999999998,206.18599999999998,213.247
78,35.649,3.0810000000000004,238.09400000000002,206.16400000000002,213.263
77,35.729,3.088,238.13400000000001,206.148,213.275
76,35.79,3.093,238.158,206.138,213.283
75,35.835,3.0980000000000003,238.169,206.13400000000001,213.287
74,35.871,3.0989999999999998,238.168,206.13400000000001,213.28900000000002
73,35.900999999999996,3.0989999999999998,238.157,206.138,213.287
72,35.929,3.095,238.137,206.146,213.28099999999998
71,35.958,3.089,238.11,206.158,213.273
70,35.988,3.0810000000000004,238.077,206.171,213.261
69,36.022,3.073,238.03900000000002,206.188,213.247
68,36.062,3.065,238.0,206.205,213.23
67,36.107,3.056,237.96200000000002,206.22299999999998,213.21200000000002
66,36.154,3.0469999999999997,237.928,206.238,213.196
65,36.203,3.0380000000000003,237.90099999999998,206.25099999999998,213.18200000000002
64,36.262,3.031,237.885,206.25900000000001,213.173
63,36.34,3.0269999999999997,237.88299999999998,206.26,213.171
62,36.449,3.031,237.899,206.25400000000002,213.17700000000002
61,36.598,3.045,237.935,206.238,213.19299999999998
60,36.796,3.0660000000000003,237.995,206.21099999999998,213.22
59,37.052,3.083,238.082,206.171,213.262
58,37.366,3.085,238.196,206.11900000000003,213.31599999999997
57,37.726,3.06,238.332,206.05599999999998,213.37900000000002
56,38.119,3.0069999999999997,238.485,205.985,213.445
55,38.531,2.9389999999999996,238.64700000000002,205.908,213.50900000000001
54,38.946999999999996,2.872,238.813,205.828,213.565
53,39.353,2.823,238.977,205.748,213.609
52,39.735,2.798,239.132,205.67,213.63400000000001
51,40.079,2.785,239.274,205.59599999999998,213.636
50,40.371,2.766,239.395,205.53,213.61
49,40.596,2.727,239.49,205.47299999999998,213.55
48,40.75,2.657,239.55700000000002,205.426,213.455
47,40.844,2.569,239.602,205.389,213.332
46,40.885999999999996,2.48,239.628,205.36,213.18599999999998
45,40.897,2.405,239.64,205.33900000000003,213.024
44,40.931999999999995,2.358,239.645,205.324,212.852
43,40.986999999999995,2.333,239.645,205.31400000000002,212.676
42,41.053999999999995,2.32,239.64700000000002,205.308,212.502
41,41.123999999999995,2.311,239.65599999999998,205.305,212.33599999999998
40,41.188,2.2969999999999997,239.675,205.304,212.185
39,41.239,2.275,239.71099999999998,205.304,212.053
38,41.28,2.244,239.764,205.304,211.94299999999998
37,41.318000000000005,2.2030000000000003,239.833,205.305,211.84799999999998
36,41.356,2.1519999999999997,239.917,205.30700000000002,211.764
35,41.393,2.092,240.014,205.31,211.68599999999998
34,41.428000000000004,2.029,240.12400000000002,205.31400000000002,211.609
33,41.456,1.966,240.243,205.32,211.52700000000002
32,41.479,1.9080000000000001,240.372,205.327,211.437
31,41.503,1.8530000000000002,240.50900000000001,205.33599999999998,211.332
30,41.542,1.7990000000000002,240.65099999999998,205.34799999999998,211.207
29,41.605,1.745,240.798,205.362,211.05900000000003
28,41.688,1.6880000000000002,240.94799999999998,205.378,210.888
27,41.778,1.632,241.09900000000002,205.396,210.699
26,41.86,1.5859999999999999,241.248,205.41400000000002,210.497
25,41.923,1.558,241.393,205.43400000000003,210.287
24,41.951,1.556,241.533,205.453,210.075
23,41.971000000000004,1.579,241.66400000000002,205.472,209.864
22,42.051,1.614,241.78599999999997,205.489,209.66099999999997
21,42.207,1.653,241.895,205.505,209.47
20,42.451,1.683,241.989,205.519,209.296
19,42.79600000000001,1.702,242.067,205.53,209.144
18,43.231,1.713,242.13,205.53900000000002,209.015
17,43.74,1.7209999999999999,242.178,205.546,208.90599999999998
16,44.302,1.732,242.213,205.551,208.81599999999997
15,44.9,1.7469999999999999,242.238,205.555,208.74200000000002
14,45.515,1.765,242.253,205.55900000000003,208.685
13,46.129,1.7830000000000001,242.261,205.563,208.64
12,46.724,1.8,242.263,205.567,208.608
11,47.283,1.814,242.261,205.572,208.58599999999998
10,47.791000000000004,1.825,242.257,205.579,208.57299999999998
9,48.239,1.8330000000000002,242.25099999999998,205.588,208.56599999999997
8,48.63399999999999,1.8359999999999999,242.245,205.59799999999998,208.565
7,48.99100000000001,1.8359999999999999,242.239,205.61,208.57
6,49.323,1.8319999999999999,242.232,205.62400000000002,208.579
5,49.643,1.825,242.225,205.639,208.592
4,49.958,1.817,242.217,205.655,208.609
3,50.273,1.807,242.209,205.672,208.628
2,50.592,1.797,242.201,205.68900000000002,208.649
1,50.915,1.786,242.19299999999998,205.707,208.671
0,51.239,1.775,242.185,205.725,208.69400000000002
0,51.239,1.775,242.185,205.725,208.69400000000002
1,51.259,1.7819999999999998,242.187,205.706,208.688
2,51.278999999999996,1.7890000000000001,242.18900000000002,205.688,208.68099999999998
3,51.297999999999995,1.796,242.192,205.67,208.674
4,51.317,1.8030000000000002,242.196,205.653,208.666
5,51.336,1.8090000000000002,242.2,205.637,208.657
6,51.355,1.814,242.205,205.623,208.64700000000002
7,51.373,1.818,242.21200000000002,205.61,208.635
8,51.391999999999996,1.821,242.22,205.59900000000002,208.622
9,51.412,1.8230000000000002,242.23,205.59,208.608
10,51.433,1.825,242.24200000000002,205.583,208.59099999999998
11,51.457,1.8259999999999998,242.25599999999997,205.58,208.572
12,51.483999999999995,1.827,242.27200000000002,205.579,208.551
13,51.513,1.827,242.29,205.581,208.52700000000002
14,51.544999999999995,1.828,242.31,205.584,208.503
15,51.577,1.829,242.329,205.588,208.47799999999998
16,51.608,1.831,242.34900000000002,205.592,208.454
17,51.638999999999996,1.8319999999999999,242.368,205.59599999999998,208.43
18,51.668,1.834,242.385,205.59900000000002,208.407
19,51.693,1.835,242.40099999999998,205.601,208.387
20,51.714,1.837,242.41299999999998,205.59900000000002,208.37
21,51.732,1.837,242.422,205.595,208.356
22,51.745999999999995,1.837,242.428,205.58700000000002,208.34599999999998
23,51.759,1.837,242.428,205.575,208.34
24,51.773999999999994,1.835,242.42700000000002,205.56,208.338
25,51.788999999999994,1.8330000000000002,242.423,205.545,208.33700000000002
26,51.802,1.83,242.421,205.532,208.335
27,51.812,1.825,242.421,205.524,208.331
28,51.821,1.819,242.426,205.52200000000002,208.324
29,51.839,1.8119999999999998,242.43599999999998,205.528,208.31099999999998
30,51.870999999999995,1.8030000000000002,242.455,205.545,208.291
31,51.922,1.795,242.483,205.575,208.261
32,51.994,1.788,242.523,205.62099999999998,208.22099999999998
33,52.092,1.784,242.576,205.683,208.168
34,52.217,1.784,242.643,205.765,208.102
35,52.367,1.788,242.72400000000002,205.863,208.02200000000002
36,52.538,1.798,242.81599999999997,205.976,207.93099999999998
37,52.727,1.815,242.916,206.1,207.831
38,52.928999999999995,1.84,243.023,206.232,207.722
39,53.141,1.874,243.135,206.37,207.606
40,53.358999999999995,1.916,243.248,206.511,207.485
41,53.577999999999996,1.9680000000000002,243.361,206.65200000000002,207.36
42,53.796,2.031,243.472,206.791,207.233
43,54.009,2.104,243.578,206.923,207.105
44,54.211999999999996,2.188,243.678,207.047,206.97799999999998
45,54.403999999999996,2.279,243.769,207.16,206.854
46,54.583,2.373,243.851,207.263,206.732
47,54.748,2.4659999999999997,243.924,207.354,206.61599999999999
48,54.9,2.555,243.989,207.435,206.50400000000002
49,55.038999999999994,2.634,244.046,207.50599999999997,206.399
50,55.163999999999994,2.701,244.09400000000002,207.56799999999998,206.30200000000002
51,55.274,2.753,244.13400000000001,207.62,206.21400000000003
52,55.37,2.792,244.167,207.66400000000002,206.135
53,55.45099999999999,2.82,244.192,207.699,206.067
54,55.516,2.84,244.209,207.727,206.01
55,55.565,2.853,244.22,207.74599999999998,205.967
56,55.596999999999994,2.861,244.22299999999998,207.75900000000001,205.937
57,55.617,2.8680000000000003,244.22099999999998,207.766,205.919
58,55.626999999999995,2.875,244.21599999999998,207.767,205.91
59,55.632999999999996,2.8810000000000002,244.21,207.766,205.90900000000002
60,55.641999999999996,2.887,244.204,207.762,205.91299999999998
61,55.650999999999996,2.891,244.201,207.757,205.92
62,55.66,2.8930000000000002,244.202,207.752,205.928
63,55.669999999999995,2.892,244.209,207.74900000000002,205.933
64,55.684999999999995,2.889,244.225,207.74900000000002,205.935
65,55.711999999999996,2.8819999999999997,244.25099999999998,207.752,205.93099999999998
66,55.754,2.8739999999999997,244.29,207.761,205.918
67,55.812999999999995,2.866,244.342,207.77700000000002,205.895
68,55.888,2.861,244.40599999999998,207.8,205.863
69,55.977999999999994,2.861,244.481,207.83,205.824
70,56.07899999999999,2.867,244.563,207.86900000000003,205.78
71,56.189,2.8819999999999997,244.65200000000002,207.916,205.734
72,56.306999999999995,2.908,244.74400000000003,207.97299999999998,205.687
73,56.43,2.944,244.83700000000002,208.03900000000002,205.643
74,56.556999999999995,2.986,244.93099999999998,208.11599999999999,205.602
75,56.687,3.033,245.021,208.203,205.567
76,56.82,3.082,245.106,208.301,205.541
77,56.955999999999996,3.13,245.18400000000003,208.41099999999997,205.525
78,57.096,3.174,245.253,208.533,205.521
79,57.241,3.213,245.31400000000002,208.665,205.528
80,57.39,3.2460000000000004,245.36599999999999,208.803,205.545
81,57.54,3.273,245.41,208.94400000000002,205.56900000000002
82,57.69,3.295,245.44799999999998,209.08599999999998,205.59900000000002
83,57.836,3.312,245.479,209.225,205.63299999999998
84,57.977,3.325,245.50599999999997,209.359,205.668
85,58.108999999999995,3.335,245.52700000000002,209.484,205.703
86,58.227999999999994,3.341,245.544,209.59799999999998,205.737
87,58.331999999999994,3.345,245.558,209.696,205.767
88,58.416999999999994,3.3480000000000003,245.56900000000002,209.77700000000002,205.792
89,58.480999999999995,3.3489999999999998,245.578,209.838,205.80900000000003
90,58.525,3.35,245.584,209.88,205.82
91,58.553,3.3510000000000004,245.58900000000003,209.907,205.827
92,58.568999999999996,3.353,245.59099999999998,209.921,205.83
93,58.574999999999996,3.3560000000000003,245.59,209.92700000000002,205.832
94,58.57899999999999,3.362,245.58700000000002,209.92700000000002,205.834
95,58.586999999999996,3.3680000000000003,245.58,209.923,205.83700000000002
96,58.599,3.3739999999999997,245.57,209.921,205.84400000000002
97,58.616,3.38,245.55599999999998,209.921,205.854
98,58.641,3.386,245.53900000000002,209.928,205.87099999999998
99,58.678,3.389,245.518,209.945,205.896
100,58.729,3.391,245.493,209.975,205.929
101,58.794,3.391,245.46400000000003,210.015,205.97099999999998
102,58.869,3.388,245.433,210.06400000000002,206.019
103,58.952999999999996,3.3819999999999997,245.40099999999998,210.12,206.072
104,59.041999999999994,3.375,245.36700000000002,210.18099999999998,206.128
105,59.132999999999996,3.366,245.334,210.243,206.18599999999998
106,59.223,3.3560000000000003,245.30200000000002,210.304,206.243
107,59.309999999999995,3.344,245.27200000000002,210.363,206.3
108,59.39,3.33,245.24400000000003,210.416,206.35299999999998
109,59.459999999999994,3.3169999999999997,245.22,210.46200000000002,206.40099999999998
110,59.519,3.303,245.201,210.498,206.44299999999998
111,59.562999999999995,3.2910000000000004,245.187,210.52200000000002,206.477
112,59.595,3.281,245.178,210.535,206.505
113,59.617999999999995,3.2739999999999996,245.173,210.541,206.52700000000002
114,59.637,3.27,245.173,210.542,206.545
115,59.653,3.2710000000000004,245.176,210.54,206.56099999999998
116,59.67,3.273,245.183,210.53799999999998,206.576
117,59.687999999999995,3.2760000000000002,245.192,210.53900000000002,206.592
118,59.709999999999994,3.2760000000000002,245.203,210.545,206.61
119,59.739,3.272,245.215,210.55900000000003,206.632
120,59.778999999999996,3.262,245.229,210.584,206.66
121,59.831999999999994,3.2439999999999998,245.243,210.622,206.69400000000002
122,59.902,3.215,245.25799999999998,210.676,206.736
123,59.988,3.179,245.273,210.74400000000003,206.78599999999997
124,60.086999999999996,3.136,245.287,210.825,206.84400000000002
125,60.199,3.089,245.30200000000002,210.915,206.907
126,60.318999999999996,3.04,245.31799999999998,211.012,206.977
127,60.446999999999996,2.992,245.334,211.114,207.051
128,60.57899999999999,2.946,245.352,211.22,207.12900000000002
129,60.712999999999994,2.905,245.36900000000003,211.325,207.21
130,60.848,2.87,245.388,211.429,207.294
131,60.98,2.838,245.40900000000002,211.528,207.37900000000002
132,61.108999999999995,2.8110000000000004,245.43,211.62099999999998,207.465
133,61.230999999999995,2.7880000000000003,245.453,211.705,207.55
134,61.346999999999994,2.7680000000000002,245.477,211.78,207.636
135,61.456999999999994,2.75,245.50400000000002,211.845,207.72
136,61.561,2.735,245.533,211.90200000000002,207.803
137,61.661,2.721,245.56400000000002,211.949,207.88400000000001
138,61.754999999999995,2.708,245.59900000000002,211.988,207.96400000000003
139,61.846,2.695,245.636,212.018,208.041
140,61.934,2.681,245.678,212.03900000000002,208.115
141,62.019,2.6639999999999997,245.72299999999998,212.051,208.187
142,62.102999999999994,2.645,245.77200000000002,212.055,208.25400000000002
143,62.187,2.623,245.826,212.051,208.31799999999998
144,62.271,2.5980000000000003,245.88400000000001,212.03900000000002,208.378
145,62.358,2.571,245.946,212.02,208.435
146,62.446,2.546,246.01,211.995,208.49099999999999
147,62.536,2.524,246.075,211.968,208.548
148,62.626999999999995,2.506,246.138,211.938,208.607
149,62.718999999999994,2.496,246.197,211.90900000000002,208.67
150,62.811,2.494,246.252,211.88099999999997,208.738
151,62.904999999999994,2.5,246.301,211.857,208.815
152,63.001999999999995,2.512,246.342,211.83700000000002,208.9
153,63.104,2.528,246.373,211.825,208.997
154,63.215999999999994,2.545,246.393,211.821,209.107
155,63.339999999999996,2.559,246.4,211.826,209.23
156,63.477,2.57,246.396,211.842,209.36700000000002
157,63.626,2.573,246.38400000000001,211.86599999999999,209.513
158,63.784,2.5669999999999997,246.365,211.89700000000002,209.667
159,63.949,2.5540000000000003,246.343,211.935,209.826
160,64.116,2.533,246.321,211.979,209.986
161,64.28399999999999,2.505,246.3,212.02599999999998,210.145
162,64.449,2.471,246.283,212.077,210.301
163,64.607,2.43,246.274,212.13,210.451
164,64.758,2.385,246.274,212.18400000000003,210.59099999999998
165,64.898,2.335,246.287,212.237,210.72
166,65.026,2.283,246.31400000000002,212.29,210.834
167,65.146,2.231,246.355,212.342,210.93400000000003
168,65.25999999999999,2.181,246.40900000000002,212.392,211.021
169,65.36999999999999,2.135,246.472,212.44099999999997,211.09599999999998
170,65.477,2.097,246.543,212.489,211.16
171,65.583,2.0669999999999997,246.61900000000003,212.537,211.215
172,65.687,2.048,246.7,212.584,211.262
173,65.78999999999999,2.037,246.783,212.63099999999997,211.30200000000002
174,65.89,2.032,246.865,212.678,211.33599999999998
175,65.987,2.03,246.94400000000002,212.72400000000002,211.365
176,66.08,2.03,247.02,212.77,211.391
177,66.166,2.028,247.08900000000003,212.817,211.415
178,66.247,2.022,247.15200000000002,212.862,211.43900000000002
179,66.323,2.012,247.208,212.905,211.46599999999998
180,66.393,1.996,247.25799999999998,212.94299999999998,211.497
181,66.46,1.9780000000000002,247.30200000000002,212.975,211.537
182,66.52799999999999,1.959,247.34099999999998,212.998,211.58599999999998
183,66.6,1.942,247.37400000000002,213.012,211.649
184,66.682,1.9269999999999998,247.403,213.015,211.727
185,66.78099999999999,1.9169999999999998,247.426,213.00400000000002,211.822
186,66.902,1.913,247.445,212.97799999999998,211.938
187,67.048,1.916,247.46,212.935,212.077
188,67.223,1.926,247.47099999999998,212.875,212.24099999999999
189,67.42399999999999,1.943,247.479,212.797,212.42700000000002
190,67.646,1.9680000000000002,247.482,212.707,212.62900000000002
191,67.881,2.0,247.482,212.606,212.842
192,68.124,2.039,247.479,212.49900000000002,213.05900000000003
193,68.36699999999999,2.085,247.47299999999998,212.388,213.27599999999998
194,68.60499999999999,2.137,247.46400000000003,212.27700000000002,213.486
195,68.83099999999999,2.1919999999999997,247.452,212.169,213.68400000000003
196,69.039,2.246,247.438,212.06799999999998,213.865
197,69.221,2.298,247.42,211.976,214.021
198,69.372,2.343,247.40099999999998,211.89700000000002,214.149
199,69.487,2.379,247.37900000000002,211.833,214.24200000000002
200,69.567,2.404,247.357,211.78599999999997,214.30200000000002
201,69.618,2.418,247.335,211.753,214.335
202,69.648,2.421,247.31599999999997,211.733,214.345
203,69.667,2.417,247.3,211.72400000000002,214.33900000000003
204,69.687,2.407,247.29,211.725,214.321
205,69.713,2.3930000000000002,247.28799999999998,211.735,214.298
206,69.743,2.377,247.294,211.75099999999998,214.273
207,69.777,2.36,247.31099999999998,211.773,214.253
208,69.818,2.345,247.34,211.799,214.24200000000002
209,69.869,2.332,247.38299999999998,211.826,214.247
210,69.939,2.3209999999999997,247.44099999999997,211.855,214.27200000000002
211,70.02799999999999,2.313,247.513,211.88400000000001,214.317
212,70.136,2.3080000000000003,247.595,211.91299999999998,214.38099999999997
213,70.25999999999999,2.307,247.685,211.942,214.46099999999998
214,70.396,2.31,247.778,211.97,214.55599999999998
215,70.542,2.318,247.872,211.997,214.66400000000002
216,70.693,2.3280000000000003,247.96400000000003,212.023,214.782
217,70.848,2.339,248.049,212.048,214.908
218,71.003,2.349,248.125,212.071,215.041
219,71.156,2.358,248.18900000000002,212.092,215.179
220,71.30499999999999,2.362,248.237,212.111,215.31900000000002
221,71.449,2.3609999999999998,248.266,212.128,215.459
222,71.591,2.354,248.27700000000002,212.144,215.59900000000002
223,71.733,2.34,248.271,212.162,215.74
224,71.87599999999999,2.32,248.25,212.185,215.88
225,72.023,2.295,248.21599999999998,212.215,216.02
226,72.175,2.263,248.172,212.25400000000002,216.16
227,72.334,2.227,248.11900000000003,212.305,216.3
228,72.5,2.186,248.06,212.372,216.44
229,72.675,2.141,247.995,212.455,216.581
230,72.862,2.095,247.928,212.55900000000003,216.72099999999998
231,73.063,2.053,247.86,212.685,216.862
232,73.28,2.019,247.794,212.835,217.003
233,73.512,1.995,247.73,213.00799999999998,217.144
234,73.756,1.9869999999999999,247.672,213.199,217.28599999999997
235,74.009,1.9980000000000002,247.62099999999998,213.40099999999998,217.429
236,74.26599999999999,2.03,247.579,213.609,217.572
237,74.52199999999999,2.077,247.549,213.82,217.71599999999998
238,74.77499999999999,2.133,247.53099999999998,214.02599999999998,217.862
239,75.02099999999999,2.188,247.528,214.22299999999998,218.00799999999998
240,75.257,2.237,247.542,214.40599999999998,218.157
241,75.481,2.271,247.575,214.56900000000002,218.30700000000002
242,75.693,2.283,247.628,214.707,218.458
243,75.895,2.2680000000000002,247.704,214.815,218.612
244,76.094,2.23,247.801,214.893,218.766
245,76.293,2.181,247.916,214.94400000000002,218.921
246,76.495,2.129,248.046,214.968,219.074
247,76.69999999999999,2.085,248.18599999999998,214.96900000000002,219.22400000000002
248,76.90899999999999,2.0580000000000003,248.334,214.949,219.36900000000003
249,77.12,2.059,248.487,214.91099999999997,219.51
250,77.33,2.095,248.64,214.856,219.643
251,77.538,2.1630000000000003,248.79,214.787,219.769
252,77.74,2.256,248.935,214.707,219.885
253,77.93299999999999,2.363,249.071,214.618,219.99
254,78.115,2.476,249.19400000000002,214.52200000000002,220.083
255,78.285,2.585,249.305,214.421,220.16299999999998
256,78.447,2.6830000000000003,249.40599999999998,214.315,220.23
257,78.602,2.76,249.502,214.205,220.28400000000002
258,78.753,2.8139999999999996,249.593,214.092,220.325
259,78.902,2.8480000000000003,249.68400000000003,213.977,220.351
260,79.05099999999999,2.865,249.77700000000002,213.861,220.363
261,79.203,2.867,249.875,213.745,220.361
262,79.36,2.8560000000000003,249.98,213.62900000000002,220.343
263,79.526,2.8360000000000003,250.09599999999998,213.515,220.31099999999998
264,79.704,2.8080000000000003,250.226,213.40200000000002,220.264
265,79.89599999999999,2.7760000000000002,250.37099999999998,213.293,220.201
266,80.103,2.74,250.53099999999998,213.188,220.12400000000002
267,80.321,2.705,250.704,213.08700000000002,220.037
268,80.54599999999999,2.6710000000000003,250.886,212.993,219.94299999999998
269,80.77499999999999,2.642,251.075,212.90599999999998,219.84599999999998
270,81.00399999999999,2.6180000000000003,251.266,212.827,219.75
271,81.228,2.6039999999999996,251.458,212.75799999999998,219.65599999999998
272,81.44399999999999,2.5980000000000003,251.64700000000002,212.69799999999998,219.57
273,81.648,2.5989999999999998,251.83,212.65099999999998,219.49400000000003
274,81.836,2.6060000000000003,252.00400000000002,212.615,219.43200000000002
275,82.006,2.617,252.166,212.59400000000002,219.387
276,82.15599999999999,2.6310000000000002,252.31400000000002,212.58700000000002,219.363
277,82.288,2.645,252.446,212.593,219.359
278,82.40899999999999,2.658,252.56400000000002,212.612,219.373
279,82.52099999999999,2.668,252.669,212.641,219.40099999999998
280,82.63,2.676,252.763,212.67700000000002,219.442
281,82.735,2.681,252.845,212.72,219.49200000000002
282,82.84,2.6830000000000003,252.919,212.767,219.549
283,82.941,2.682,252.984,212.817,219.61
284,83.03999999999999,2.677,253.042,212.86700000000002,219.672
285,83.133,2.6689999999999996,253.09400000000002,212.915,219.733
286,83.22,2.658,253.142,212.96,219.78900000000002
287,83.297,2.645,253.18599999999998,212.99900000000002,219.838
288,83.365,2.63,253.227,213.033,219.88099999999997
289,83.42599999999999,2.616,253.264,213.06400000000002,219.919
290,83.483,2.603,253.297,213.09400000000002,219.954
291,83.536,2.592,253.325,213.123,219.988
292,83.588,2.5860000000000003,253.34799999999998,213.15400000000002,220.023
293,83.643,2.5839999999999996,253.365,213.19,220.062
294,83.70400000000001,2.5860000000000003,253.37599999999998,213.23,220.105
295,83.774,2.592,253.38,213.278,220.157
296,83.857,2.602,253.37599999999998,213.334,220.217
297,83.95599999999999,2.614,253.365,213.40200000000002,220.28900000000002
298,84.074,2.628,253.34599999999998,213.481,220.37400000000002
299,84.21,2.6430000000000002,253.31900000000002,213.572,220.472
300,84.36,2.659,253.28599999999997,213.672,220.579
301,84.519,2.676,253.248,213.77700000000002,220.692
302,84.68299999999999,2.6910000000000003,253.208,213.88400000000001,220.80900000000003
303,84.846,2.705,253.165,213.99,220.926
304,85.006,2.717,253.123,214.093,221.04
305,85.157,2.725,253.083,214.18900000000002,221.149
306,85.294,2.7289999999999996,253.046,214.27599999999998,221.24900000000002
307,85.413,2.7289999999999996,253.013,214.34900000000002,221.33700000000002
308,85.50999999999999,2.7239999999999998,252.986,214.407,221.41099999999997
309,85.58,2.717,252.968,214.446,221.46599999999998
310,85.625,2.7089999999999996,252.957,214.467,221.50400000000002
311,85.65,2.702,252.953,214.475,221.52700000000002
312,85.661,2.697,252.956,214.47400000000002,221.537
313,85.67099999999999,2.694,252.965,214.46900000000002,221.53799999999998
314,85.68599999999999,2.697,252.97799999999998,214.46400000000003,221.532
315,85.70599999999999,2.7039999999999997,252.995,214.463,221.52200000000002
316,85.731,2.713,253.015,214.47099999999998,221.50900000000001
317,85.764,2.7239999999999998,253.03799999999998,214.49200000000002,221.498
318,85.81099999999999,2.734,253.062,214.53099999999998,221.49
319,85.87700000000001,2.742,253.088,214.592,221.489
320,85.96799999999999,2.747,253.113,214.679,221.497
321,86.086,2.747,253.138,214.793,221.514
322,86.225,2.741,253.16299999999998,214.92700000000002,221.53799999999998
323,86.382,2.733,253.188,215.079,221.56900000000002
324,86.55099999999999,2.722,253.21400000000003,215.24200000000002,221.604
325,86.72800000000001,2.7110000000000003,253.24099999999999,215.41299999999998,221.641
326,86.908,2.701,253.268,215.58700000000002,221.68
327,87.086,2.694,253.297,215.75900000000001,221.718
328,87.258,2.69,253.327,215.925,221.753
329,87.419,2.6919999999999997,253.359,216.079,221.785
330,87.564,2.697,253.393,216.217,221.81
331,87.689,2.705,253.428,216.33599999999998,221.829
332,87.793,2.715,253.46599999999998,216.43200000000002,221.84
333,87.87899999999999,2.7260000000000004,253.50400000000002,216.51,221.84400000000002
334,87.94999999999999,2.737,253.542,216.56900000000002,221.843
335,88.008,2.747,253.58,216.613,221.83599999999998
336,88.055,2.7560000000000002,253.615,216.642,221.826
337,88.095,2.764,253.648,216.66,221.812
338,88.12899999999999,2.7710000000000004,253.678,216.667,221.797
339,88.15899999999999,2.778,253.702,216.667,221.78
340,88.18599999999999,2.786,253.722,216.66,221.763
341,88.21,2.7939999999999996,253.735,216.648,221.74599999999998
342,88.231,2.803,253.74099999999999,216.635,221.731
343,88.25,2.8139999999999996,253.74200000000002,216.62,221.71900000000002
344,88.26599999999999,2.823,253.74,216.608,221.709
345,88.277,2.83,253.738,216.6,221.702
346,88.281,2.8310000000000004,253.74099999999999,216.597,221.7
347,88.293,2.824,253.75099999999998,216.602,221.703
348,88.32,2.8080000000000003,253.77200000000002,216.618,221.71099999999998
349,88.36699999999999,2.779,253.80599999999998,216.646,221.726
350,88.437,2.738,253.858,216.688,221.747
351,88.535,2.6889999999999996,253.93099999999998,216.747,221.77599999999998
352,88.66399999999999,2.637,254.02700000000002,216.825,221.812
353,88.828,2.5869999999999997,254.15099999999998,216.923,221.858
354,89.027,2.546,254.3,217.042,221.91099999999997
355,89.253,2.519,254.47,217.178,221.97299999999998
356,89.501,2.512,254.655,217.328,222.041
357,89.764,2.5269999999999997,254.84900000000002,217.49,222.11599999999999
358,90.037,2.563,255.046,217.66099999999997,222.195
359,90.31299999999999,2.612,255.24200000000002,217.83700000000002,222.27900000000002
360,90.586,2.67,255.429,218.015,222.36599999999999
361,90.851,2.7310000000000003,255.60299999999998,218.19400000000002,222.456
362,91.102,2.7889999999999997,255.75900000000001,218.36900000000003,222.547
363,91.334,2.839,255.89,218.537,222.639
364,91.544,2.875,255.99,218.697,222.73
365,91.732,2.898,256.06,218.84599999999998,222.821
366,91.901,2.912,256.10200000000003,218.984,222.90900000000002
367,92.055,2.918,256.12,219.111,222.995
368,92.197,2.92,256.117,219.227,223.076
369,92.328,2.9210000000000003,256.097,219.333,223.15200000000002
370,92.45,2.923,256.064,219.42700000000002,223.22099999999998
371,92.56299999999999,2.93,256.022,219.511,223.28400000000002
372,92.666,2.9410000000000003,255.97299999999998,219.584,223.338
373,92.758,2.9560000000000004,255.922,219.646,223.382
374,92.83699999999999,2.9730000000000003,255.872,219.697,223.416
375,92.902,2.992,255.827,219.737,223.43900000000002
376,92.951,3.011,255.79,219.768,223.451
377,92.988,3.03,255.762,219.791,223.452
378,93.015,3.0469999999999997,255.74400000000003,219.81,223.44400000000002
379,93.03899999999999,3.0610000000000004,255.74,219.828,223.428
380,93.07,3.072,255.75,219.84599999999998,223.405
381,93.11500000000001,3.0780000000000003,255.77700000000002,219.868,223.37599999999998
382,93.178,3.0780000000000003,255.821,219.896,223.342
383,93.261,3.072,255.886,219.933,223.305
384,93.368,3.0589999999999997,255.972,219.982,223.265
385,93.5,3.037,256.08099999999996,220.045,223.22400000000002
386,93.662,3.0069999999999997,256.215,220.125,223.18200000000002
387,93.853,2.972,256.373,220.22299999999998,223.141
388,94.06799999999998,2.9360000000000004,256.551,220.338,223.101
389,94.303,2.9010000000000002,256.743,220.46900000000002,223.06099999999998
390,94.556,2.8710000000000004,256.945,220.614,223.023
391,94.821,2.847,257.153,220.774,222.985
392,95.094,2.833,257.362,220.946,222.95
393,95.372,2.8310000000000004,257.567,221.13099999999997,222.916
394,95.651,2.841,257.764,221.326,222.88299999999998
395,95.928,2.861,257.949,221.53099999999998,222.85299999999998
396,96.201,2.891,258.115,221.745,222.825
397,96.467,2.932,258.26,221.967,222.8
398,96.726,2.9819999999999998,258.381,222.19400000000002,222.77700000000002
399,96.976,3.04,258.48,222.423,222.755
400,97.216,3.1060000000000003,258.559,222.648,222.736
401,97.44399999999999,3.176,258.619,222.86700000000002,222.717
402,97.657,3.248,258.663,223.075,222.699
403,97.853,3.3160000000000003,258.691,223.268,222.68
404,98.02799999999999,3.3789999999999996,258.707,223.442,222.662
405,98.18,3.4330000000000003,258.71,223.593,222.642
406,98.305,3.4739999999999998,258.704,223.71599999999998,222.622
407,98.4,3.5,258.691,223.80700000000002,222.59900000000002
408,98.465,3.514,258.671,223.863,222.574
409,98.507,3.5180000000000002,258.64599999999996,223.885,222.548
410,98.544,3.515,258.621,223.88099999999997,222.521
411,98.586,3.5069999999999997,258.595,223.858,222.497
412,98.63,3.498,258.573,223.825,222.477
413,98.672,3.491,258.556,223.79,222.46200000000002
414,98.703,3.488,258.546,223.761,222.455
415,98.71799999999999,3.489,258.547,223.74599999999998,222.458
416,98.739,3.4960000000000004,258.56,223.75400000000002,222.47299999999998
417,98.794,3.508,258.58799999999997,223.792,222.50099999999998
418,98.893,3.528,258.632,223.86900000000003,222.544
419,99.045,3.554,258.69599999999997,223.993,222.605
420,99.25,3.588,258.778,224.16400000000002,222.683
421,99.5,3.63,258.87,224.378,222.77599999999998
422,99.786,3.677,258.965,224.625,222.88
423,100.09700000000001,3.727,259.056,224.90099999999998,222.995
424,100.42599999999999,3.775,259.13599999999997,225.196,223.11599999999999
425,100.765,3.82,259.197,225.50400000000002,223.243
426,101.106,3.8569999999999998,259.232,225.81900000000002,223.37099999999998
427,101.445,3.883,259.233,226.132,223.498
428,101.776,3.8960000000000004,259.194,226.437,223.622
429,102.101,3.8989999999999996,259.106,226.727,223.74099999999999
430,102.424,3.897,258.96299999999997,226.99400000000003,223.851
431,102.751,3.897,258.76599999999996,227.235,223.952
432,103.089,3.904,258.52299999999997,227.451,224.043
433,103.437,3.925,258.245,227.644,224.125
434,103.791,3.965,257.943,227.813,224.19799999999998
435,104.14599999999999,4.029,257.627,227.96200000000002,224.263
436,104.494,4.117,257.308,228.09,224.32
437,104.828,4.22,256.997,228.2,224.368
438,105.13799999999999,4.33,256.704,228.292,224.41
439,105.416,4.441,256.439,228.36700000000002,224.44400000000002
440,105.651,4.543,256.212,228.428,224.472
441,105.83500000000001,4.63,256.036,228.475,224.493
442,105.965,4.694,255.912,228.50900000000001,224.50900000000001
443,106.047,4.7330000000000005,255.834,228.533,224.52
444,106.09,4.751,255.796,228.549,224.53
445,106.104,4.752,255.791,228.55900000000003,224.53900000000002
446,106.12700000000001,4.742,255.81099999999998,228.56400000000002,224.549
447,106.16799999999999,4.723,255.84900000000002,228.56599999999997,224.562
448,106.221,4.702,255.9,228.56799999999998,224.58
449,106.281,4.681,255.955,228.571,224.604
450,106.34299999999999,4.664,256.007,228.577,224.636
451,106.404,4.652,256.051,228.58900000000003,224.678
452,106.467,4.646,256.078,228.607,224.731
453,106.538,4.646,256.086,228.63400000000001,224.796
454,106.62299999999999,4.6530000000000005,256.07599999999996,228.669,224.873
455,106.72299999999998,4.668,256.051,228.71200000000002,224.96
456,106.839,4.691,256.014,228.762,225.05700000000002
457,106.969,4.723,255.96599999999998,228.82,225.16299999999998
458,107.112,4.763,255.90900000000002,228.885,225.27700000000002
459,107.26599999999999,4.81,255.847,228.956,225.398
460,107.429,4.861000000000001,255.782,229.03400000000002,225.52599999999998
461,107.6,4.916,255.715,229.11900000000003,225.65900000000002
462,107.777,4.974,255.65,229.209,225.797
463,107.96000000000001,5.034,255.588,229.305,225.93900000000002
464,108.14500000000001,5.093,255.53,229.407,226.084
465,108.333,5.154,255.477,229.512,226.23
466,108.52099999999999,5.215,255.42700000000002,229.61900000000003,226.375
467,108.707,5.277,255.378,229.726,226.52
468,108.89,5.341,255.331,229.833,226.66099999999997
469,109.06899999999999,5.406000000000001,255.28400000000002,229.937,226.798
470,109.24000000000001,5.474,255.236,230.037,226.928
471,109.40299999999999,5.542999999999999,255.18599999999998,230.132,227.051
472,109.557,5.6129999999999995,255.13400000000001,230.22,227.166
473,109.699,5.682,255.078,230.299,227.269
474,109.82900000000001,5.749,255.017,230.36900000000003,227.361
475,109.947,5.812,254.952,230.42700000000002,227.44099999999997
476,110.056,5.867999999999999,254.88400000000001,230.477,227.50900000000001
477,110.157,5.917999999999999,254.812,230.518,227.567
478,110.251,5.959,254.74,230.553,227.61599999999999
479,110.34,5.992000000000001,254.667,230.583,227.658
480,110.424,6.018,254.59400000000002,230.608,227.69299999999998
481,110.50399999999999,6.039,254.524,230.63099999999997,227.72299999999998
482,110.58,6.055,254.456,230.65200000000002,227.748
483,110.65,6.068,254.393,230.674,227.771
484,110.716,6.079,254.334,230.696,227.792
485,110.77799999999999,6.09,254.282,230.72099999999998,227.813
486,110.83500000000001,6.099,254.236,230.748,227.833
487,110.889,6.108,254.197,230.77900000000002,227.854
488,110.94,6.117000000000001,254.16299999999998,230.81,227.875
489,110.988,6.124,254.13400000000001,230.843,227.895
490,111.03299999999999,6.13,254.11,230.87599999999998,227.91400000000002
491,111.075,6.136,254.08900000000003,230.908,227.933
492,111.11500000000001,6.14,254.072,230.938,227.951
493,111.15,6.143,254.058,230.967,227.968
494,111.182,6.145,254.047,230.99200000000002,227.983
495,111.209,6.146,254.037,231.013,227.99599999999998
496,111.232,6.147,254.028,231.03099999999998,228.007
497,111.25,6.147,254.019,231.044,228.017
498,111.268,6.148,254.01,231.055,228.028
499,111.288,6.148,253.99900000000002,231.06599999999997,228.04
500,111.314,6.149,253.985,231.081,228.05599999999998
501,111.34799999999998,6.152,253.968,231.1,228.078
502,111.394,6.156000000000001,253.945,231.128,228.107
503,111.455,6.162999999999999,253.916,231.166,228.146
504,111.535,6.1739999999999995,253.88,231.21599999999998,228.195
505,111.63499999999999,6.189,253.83599999999998,231.282,228.25799999999998
506,111.761,6.209,253.782,231.364,228.335
507,111.91399999999999,6.234,253.718,231.467,228.428
508,112.095,6.263999999999999,253.643,231.59,228.53799999999998
509,112.298,6.301,253.56,231.729,228.66099999999997
510,112.519,6.343,253.47,231.88099999999997,228.795
511,112.751,6.39,253.37599999999998,232.04,228.93400000000003
512,112.989,6.444,253.27900000000002,232.204,229.077
513,113.227,6.502999999999999,253.183,232.368,229.22
514,113.458,6.568,253.088,232.52700000000002,229.359
515,113.678,6.635,252.997,232.678,229.49099999999999
516,113.881,6.702000000000001,252.91299999999998,232.817,229.612
517,114.06099999999999,6.766,252.83700000000002,232.93900000000002,229.72
518,114.21199999999999,6.8260000000000005,252.771,233.041,229.81099999999998
519,114.332,6.877999999999999,252.71599999999998,233.12,229.882
520,114.424,6.919,252.673,233.18,229.937
521,114.49099999999999,6.949,252.641,233.22299999999998,229.976
522,114.537,6.968,252.61900000000003,233.25400000000002,230.002
523,114.565,6.978,252.608,233.275,230.017
524,114.58099999999999,6.98,252.606,233.28900000000002,230.024
525,114.594,6.977,252.613,233.301,230.023
526,114.61500000000001,6.97,252.63,233.312,230.017
527,114.64500000000001,6.96,252.65400000000002,233.327,230.00799999999998
528,114.685,6.949,252.687,233.34799999999998,229.998
529,114.737,6.936,252.727,233.37900000000002,229.989
530,114.80099999999999,6.922999999999999,252.774,233.422,229.983
531,114.87299999999999,6.9079999999999995,252.825,233.47299999999998,229.97799999999998
532,114.951,6.891,252.878,233.53,229.975
533,115.031,6.872999999999999,252.93,233.59,229.972
534,115.108,6.853,252.98,233.65,229.96900000000002
535,115.181,6.831,253.023,233.708,229.96599999999998
536,115.244,6.808,253.05900000000003,233.75900000000001,229.96099999999998
537,115.29400000000001,6.7860000000000005,253.084,233.803,229.954
538,115.33000000000001,6.767,253.09599999999998,233.835,229.945
539,115.351,6.752000000000001,253.093,233.852,229.93200000000002
540,115.37799999999999,6.742999999999999,253.072,233.85299999999998,229.916
541,115.424,6.7410000000000005,253.03400000000002,233.83599999999998,229.896
542,115.48500000000001,6.749,252.985,233.80700000000002,229.87400000000002
543,115.553,6.761,252.93200000000002,233.771,229.854
544,115.61699999999999,6.775,252.88099999999997,233.735,229.83599999999998
545,115.67099999999999,6.784,252.83900000000003,233.704,229.82299999999998
546,115.703,6.7829999999999995,252.81400000000002,233.68400000000003,229.81799999999998
547,115.709,6.769,252.813,233.68099999999998,229.822
548,115.74699999999999,6.735,252.84099999999998,233.701,229.83900000000003
549,115.834,6.6770000000000005,252.907,233.74900000000002,229.86900000000003
550,115.97799999999998,6.596,253.017,233.831,229.916
551,116.19,6.496,253.17700000000002,233.953,229.981
552,116.47200000000001,6.382000000000001,253.39,234.11700000000002,230.06599999999997
553,116.81299999999999,6.2589999999999995,253.648,234.31599999999997,230.166
554,117.19800000000001,6.13,253.93900000000002,234.542,230.278
555,117.61599999999999,6.001,254.255,234.787,230.4
556,118.053,5.875,254.58599999999998,235.043,230.525
557,118.495,5.755,254.921,235.30200000000002,230.653
558,118.93,5.644,255.25,235.55700000000002,230.77700000000002
559,119.344,5.541,255.565,235.8,230.896
560,119.725,5.4479999999999995,255.854,236.02200000000002,231.005
561,120.05799999999999,5.367000000000001,256.107,236.215,231.1
562,120.33099999999999,5.3,256.316,236.373,231.179
563,120.537,5.246,256.475,236.49,231.238
564,120.684,5.207000000000001,256.591,236.571,231.27900000000002
565,120.78200000000001,5.178,256.67,236.622,231.305
566,120.84100000000001,5.159,256.721,236.649,231.317
567,120.87100000000001,5.147,256.751,236.65599999999998,231.31799999999998
568,120.89099999999999,5.138,256.768,236.65099999999998,231.30900000000003
569,120.916,5.13,256.779,236.637,231.292
570,120.946,5.122000000000001,256.79200000000003,236.62099999999998,231.27
571,120.983,5.111000000000001,256.816,236.609,231.24400000000003
572,121.03200000000001,5.098,256.856,236.606,231.21599999999998
573,121.10399999999998,5.083,256.922,236.618,231.18900000000002
574,121.207,5.067,257.017,236.648,231.16299999999998
575,121.338,5.051,257.138,236.692,231.139
576,121.493,5.035,257.281,236.74599999999998,231.11700000000002
577,121.666,5.02,257.442,236.808,231.097
578,121.85299999999998,5.006,257.616,236.873,231.079
579,122.047,4.992,257.79900000000004,236.93599999999998,231.063
580,122.244,4.978,257.987,236.995,231.049
581,122.439,4.963,258.175,237.044,231.03599999999997
582,122.62700000000001,4.945,258.358,237.081,231.02599999999998
583,122.804,4.925,258.534,237.102,231.017
584,122.96700000000001,4.901,258.697,237.102,231.01
585,123.11699999999999,4.873,258.846,237.08,231.00400000000002
586,123.25799999999998,4.843,258.981,237.045,230.99900000000002
587,123.39000000000001,4.811,259.107,237.003,230.993
588,123.51500000000001,4.779,259.225,236.963,230.985
589,123.63399999999999,4.75,259.34,236.93400000000003,230.97299999999998
590,123.749,4.724,259.453,236.923,230.956
591,123.86699999999999,4.703,259.567,236.938,230.93400000000003
592,123.999,4.689,259.686,236.989,230.90400000000002
593,124.16,4.684,259.812,237.082,230.865
594,124.364,4.689,259.948,237.226,230.817
595,124.62299999999999,4.707,260.097,237.429,230.75799999999998
596,124.94200000000001,4.74,260.26099999999997,237.69400000000002,230.687
597,125.31299999999999,4.79,260.434,238.011,230.608
598,125.72299999999998,4.859,260.615,238.36900000000003,230.524
599,126.15899999999999,4.948,260.798,238.75599999999997,230.437
600,126.61000000000001,5.053999999999999,260.98,239.16,230.351
601,127.06299999999999,5.169,261.157,239.56799999999998,230.269
602,127.505,5.287000000000001,261.325,239.97,230.19400000000002
603,127.923,5.402,261.47900000000004,240.35299999999998,230.12900000000002
604,128.305,5.507000000000001,261.616,240.706,230.077
605,128.639,5.596,261.733,241.017,230.042
606,128.911,5.662000000000001,261.824,241.273,230.02599999999998
607,129.117,5.706,261.88599999999997,241.46900000000002,230.03099999999998
608,129.267,5.731,261.921,241.614,230.051
609,129.374,5.74,261.92900000000003,241.71599999999998,230.081
610,129.456,5.737,261.91,241.78799999999998,230.115
611,129.532,5.725,261.86400000000003,241.84,230.14700000000002
612,129.619,5.707999999999999,261.793,241.882,230.172
613,129.725,5.69,261.697,241.926,230.18400000000003
614,129.858,5.672000000000001,261.57599999999996,241.981,230.17700000000002
615,130.02599999999998,5.657,261.431,242.05900000000003,230.145
616,130.237,5.646,261.262,242.17,230.083
617,130.502,5.642,261.07099999999997,242.326,229.985
618,130.828,5.646,260.858,242.53,229.84799999999998
619,131.205,5.6610000000000005,260.629,242.77700000000002,229.67700000000002
620,131.62199999999999,5.687,260.388,243.055,229.482
621,132.066,5.725,260.142,243.355,229.267
622,132.523,5.772,259.894,243.667,229.042
623,132.981,5.824,259.65,243.98,228.813
624,133.427,5.877999999999999,259.416,244.285,228.58700000000002
625,133.84699999999998,5.931,259.19599999999997,244.571,228.372
626,134.22799999999998,5.979,258.997,244.828,228.175
627,134.556,6.02,258.822,245.047,228.003
628,134.819,6.051,258.678,245.217,227.864
629,135.009,6.075,258.567,245.333,227.762
630,135.134,6.0920000000000005,258.487,245.4,227.69299999999998
631,135.20600000000002,6.103,258.434,245.428,227.65400000000002
632,135.239,6.109,258.405,245.426,227.639
633,135.26500000000001,6.1129999999999995,258.395,245.40200000000002,227.644
634,135.308,6.114,258.403,245.364,227.66299999999998
635,135.363,6.115,258.423,245.32299999999998,227.69299999999998
636,135.421,6.1160000000000005,258.452,245.285,227.727
637,135.476,6.117999999999999,258.486,245.261,227.763
638,135.524,6.122999999999999,258.52299999999997,245.25900000000001,227.794
639,135.57399999999998,6.131,258.558,245.287,227.81599999999997
640,135.64600000000002,6.144,258.58799999999997,245.351,227.825
641,135.745,6.162999999999999,258.613,245.447,227.824
642,135.87,6.187,258.634,245.57,227.812
643,136.01500000000001,6.2170000000000005,258.649,245.713,227.793
644,136.17600000000002,6.247999999999999,258.66,245.87099999999998,227.768
645,136.345,6.28,258.66700000000003,246.037,227.739
646,136.518,6.31,258.66900000000004,246.207,227.707
647,136.688,6.336,258.666,246.37400000000002,227.675
648,136.85,6.356,258.66,246.533,227.643
649,136.99699999999999,6.369,258.64799999999997,246.67700000000002,227.615
650,137.125,6.374,258.633,246.80200000000002,227.59099999999998
651,137.22899999999998,6.375,258.61400000000003,246.90200000000002,227.57299999999998
652,137.311,6.372999999999999,258.593,246.981,227.56099999999998
653,137.37699999999998,6.37,258.57099999999997,247.043,227.555
654,137.43,6.3660000000000005,258.55,247.092,227.555
655,137.474,6.365,258.532,247.13099999999997,227.56099999999998
656,137.513,6.367000000000001,258.519,247.166,227.572
657,137.55,6.372999999999999,258.512,247.199,227.588
658,137.59199999999998,6.381,258.512,247.234,227.609
659,137.643,6.391,258.522,247.27700000000002,227.636
660,137.708,6.402,258.54400000000004,247.33,227.667
661,137.792,6.415,258.578,247.39700000000002,227.703
662,137.897,6.4270000000000005,258.626,247.482,227.743
663,138.02100000000002,6.438,258.686,247.581,227.787
664,138.16,6.4479999999999995,258.755,247.692,227.833
665,138.308,6.456,258.83099999999996,247.81099999999998,227.88
666,138.462,6.462000000000001,258.91,247.935,227.92700000000002
667,138.618,6.466,258.991,248.05900000000003,227.97400000000002
668,138.77,6.4670000000000005,259.07,248.18200000000002,228.018
669,138.915,6.4639999999999995,259.145,248.299,228.05900000000003
670,139.049,6.457999999999999,259.214,248.407,228.09599999999998
671,139.166,6.449,259.27299999999997,248.502,228.128
672,139.262,6.438,259.32099999999997,248.583,228.15400000000002
673,139.335,6.426,259.35400000000004,248.644,228.172
674,139.386,6.416,259.376,248.68900000000002,228.185
675,139.418,6.4079999999999995,259.387,248.71900000000002,228.19099999999997
676,139.434,6.403,259.389,248.734,228.19400000000002
677,139.44,6.404,259.385,248.738,228.19299999999998
678,139.452,6.41,259.377,248.731,228.18900000000002
679,139.471,6.42,259.365,248.71599999999998,228.18400000000003
680,139.49699999999999,6.434,259.353,248.69400000000002,228.17700000000002
681,139.527,6.449,259.343,248.666,228.172
682,139.56,6.466,259.335,248.635,228.167
683,139.593,6.482,259.33299999999997,248.602,228.165
684,139.626,6.497999999999999,259.337,248.56900000000002,228.165
685,139.658,6.511,259.346,248.53799999999998,228.168
686,139.689,6.522,259.358,248.511,228.173
687,139.715,6.529,259.373,248.49,228.179
688,139.73600000000002,6.5329999999999995,259.387,248.477,228.187
689,139.75,6.532,259.399,248.47400000000002,228.195
690,139.76500000000001,6.526,259.407,248.483,228.203
691,139.789,6.515,259.409,248.50599999999997,228.21099999999998
692,139.829,6.497000000000001,259.404,248.545,228.217
693,139.888,6.475,259.39,248.602,228.22299999999998
694,139.97,6.45,259.366,248.68,228.226
695,140.076,6.422000000000001,259.328,248.778,228.227
696,140.204,6.393,259.28,248.89700000000002,228.226
697,140.35399999999998,6.365,259.221,249.035,228.22299999999998
698,140.522,6.337000000000001,259.152,249.188,228.218
699,140.70600000000002,6.312,259.07599999999996,249.355,228.21200000000002
700,140.904,6.29,258.992,249.535,228.204
701,141.113,6.268,258.903,249.72400000000002,228.196
702,141.332,6.247999999999999,258.809,249.922,228.18599999999998
703,141.558,6.23,258.712,250.125,228.176
704,141.78799999999998,6.212000000000001,258.613,250.333,228.165
705,142.02100000000002,6.194,258.512,250.543,228.15400000000002
